public_cell_id	source_sample	donor	phenotype	krt_cluster	KRT35	KRT85	KRT35_KRT85_score	RAB7A
EXT00001	black1_F62B	F62	black	10	3.21090821486259	3.21090821486259	3.21090821486259	0
EXT00002	black1_F62B	F62	black	10	3.28114065432407	3.41274743322534	3.34694404377471	0
EXT00003	black1_F62B	F62	black	10	2.54902018507428	2.5314179137398	2.54021904940704	0.936356110663039
EXT00004	black1_F62B	F62	black	10	2.56782308140329	3.23902750643553	2.90342529391941	0
EXT00005	black1_F62B	F62	black	10	3.21484187382282	3.37193013702576	3.29338600542429	2.7355136609774
EXT00006	black1_F62B	F62	black	10	3.43549130737457	3.22949006130158	3.33249068433808	0
EXT00007	black1_F62B	F62	black	10	3.14193164514842	2.89433996177974	3.01813580346408	0
EXT00008	black1_F62B	F62	black	10	3.18521852604497	3.50589344506995	3.34555598555746	0
EXT00009	black1_F62B	F62	black	10	3.20214579998055	3.17612951534836	3.18913765766446	0
EXT00010	black1_F62B	F62	black	10	3.13789470792356	3.09325220954266	3.11557345873311	0
EXT00011	black1_F62B	F62	black	10	2.16787737625532	1.64093291248246	1.90440514436889	1.2438332814496
EXT00012	black1_F62B	F62	black	10	3.37247445958891	3.41311191293511	3.39279318626201	0
EXT00013	black1_F62B	F62	black	10	2.43506267991798	2.06423952232131	2.24965110111964	2.06423952232131
EXT00014	black1_F62B	F62	black	10	2.41429234543602	2.97096787413076	2.69263010978339	0
EXT00015	black1_F62B	F62	black	10	3.38272505540618	3.28883544617605	3.33578025079111	2.75758077825324
EXT00016	black1_F62B	F62	black	10	2.51674937782127	2.57714560844397	2.54694749313262	1.28983429405991
EXT00017	black1_F62B	F62	black	10	2.98127652961206	3.36526580795092	3.17327116878149	0
EXT00018	black1_F62B	F62	black	10	0	3.36301194679443	1.68150597339722	0
EXT00019	black1_F62B	F62	black	10	2.52791698888851	2.5317989714057	2.5298579801471	1.55357666692116
EXT00020	black1_F62B	F62	black	10	2.54560055724638	2.39163162406796	2.46861609065717	1.20399654912733
EXT00021	black1_F62B	F62	black	10	2.99574184072458	2.77508875989537	2.88541530030997	0
EXT00022	black1_F62B	F62	black	10	2.82406560835346	2.93884897915602	2.88145729375474	0
EXT00023	black1_F62B	F62	black	10	2.66919006166491	2.60026616011872	2.63472811089182	0
EXT00024	black1_F62B	F62	black	10	3.25722494562794	3.06440238014867	3.1608136628883	0
EXT00025	black1_F62B	F62	black	10	2.71844399111251	3.24011091243085	2.97927745177168	0
EXT00026	black1_F62B	F62	black	10	2.45759957685497	2.687985536367	2.57279255661098	2.05600244231973
EXT00027	black1_F62B	F62	black	10	2.45960877269767	2.74413390192714	2.60187133731241	1.59736511018093
EXT00028	black1_F62B	F62	black	10	2.96754413909849	3.36654369079779	3.16704391494814	0
EXT00029	black1_F62B	F62	black	10	2.91356100788379	3.39918350018977	3.15637225403678	0
EXT00030	black1_F62B	F62	black	10	2.78637827192957	2.49569072334353	2.64103449763655	0
EXT00031	black1_F62B	F62	black	10	2.85111344331009	3.14718276258704	2.99914810294857	1.75699300877882
EXT00032	black1_F62B	F62	black	10	3.22186250988354	3.34484578212494	3.28335414600424	2.90133481558644
EXT00033	black1_F62B	F62	black	11	1.24318976114755	1.97786225721662	1.61052600918209	0.728921725452308
EXT00034	black1_F62B	F62	black	11	1.43667174517035	1.77528088510172	1.60597631513604	1.30558206215976
EXT00035	black1_F62B	F62	black	11	1.829001842414	2.46069309915289	2.14484747078344	0
EXT00036	black1_F62B	F62	black	11	2.90666015378423	3.02388107856825	2.96527061617624	0
EXT00037	black1_F62B	F62	black	11	2.59170167395528	2.84761731346243	2.71965949370885	0
EXT00038	black1_F62B	F62	black	11	2.32970145668767	2.1812841719038	2.25549281429573	0.846593825978249
EXT00039	black1_F62B	F62	black	11	2.41738429487952	2.37587460715549	2.3966294510175	1.43376141039481
EXT00040	black1_F62B	F62	black	11	2.30366804067908	2.65129822451465	2.47748313259686	0
EXT00041	black1_F62B	F62	black	11	2.3652144175414	2.82826749177468	2.59674095465804	0
EXT00042	black1_F62B	F62	black	11	1.70844867918766	1.96831329358895	1.8383809863883	1.08404080503859
EXT00043	black1_F62B	F62	black	11	1.71322451933468	2.20768344702614	1.96045398318041	1.27007444657638
EXT00044	black1_F62B	F62	black	11	2.35890092234127	2.26170380226956	2.31030236230541	0
EXT00045	black1_F62B	F62	black	11	0	2.1162895212517	1.05814476062585	1.22438156165582
EXT00046	black1_F62B	F62	black	11	3.26254935025585	3.3321090090626	3.29732917965922	0
EXT00047	black1_F62B	F62	black	11	3.07878471670618	3.21818151095955	3.14848311383286	0
EXT00048	black1_F62B	F62	black	11	2.67259767430589	2.88905626658674	2.78082697044632	0
EXT00049	black1_F62B	F62	black	11	3.10940242889167	3.03393207578026	3.07166725233597	2.69126556067492
EXT00050	black1_F62B	F62	black	11	2.70623586747369	2.93608572972204	2.82116079859787	0
EXT00051	black1_F62B	F62	black	11	2.63216125765591	2.83578897990335	2.73397511877963	0
EXT00052	black1_F62B	F62	black	11	1.73496167491677	2.12997372502447	1.93246769997062	1.10599018917198
EXT00053	black1_F62B	F62	black	11	1.92309600154294	2.36863295843114	2.14586447998704	1.40335336418724
EXT00054	black1_F62B	F62	black	11	0	2.79307041998594	1.39653520999297	0
EXT00055	black1_F62B	F62	black	11	2.16779583980062	2.61688772592134	2.39234178286098	0
EXT00056	black1_F62B	F62	black	11	2.59646422326344	2.76375363305888	2.68010892816116	2.06422412605865
EXT00057	black1_F62B	F62	black	11	0	3.00552458057186	1.50276229028593	0
EXT00058	black1_F62B	F62	black	11	2.52591791146856	2.52591791146856	2.52591791146856	0
EXT00059	black1_F62B	F62	black	11	2.5810972584017	2.59432571939503	2.58771148889836	1.22272492932733
EXT00060	black1_F62B	F62	black	11	2.39934575078495	2.29368551655739	2.34651563367117	0.814905219509858
EXT00061	black1_F62B	F62	black	11	2.86884994066318	2.85387255602484	2.86136124834401	0
EXT00062	black1_F62B	F62	black	11	1.91014292197273	2.35491252725687	2.1325277246148	0
EXT00063	black1_F62B	F62	black	11	2.57818138487089	2.46019570601728	2.51918854544409	0.842126946725771
EXT00064	black1_F62B	F62	black	11	0	3.19119221394774	1.59559610697387	2.55939256021768
EXT00065	black1_F62B	F62	black	11	2.40653355233084	2.35269572815954	2.37961464024519	1.48900790615895
EXT00066	black1_F62B	F62	black	11	2.65728244077947	2.9047849630991	2.78103370193928	0
EXT00067	black1_F62B	F62	black	11	2.30817526113149	2.08858385530231	2.1983795582169	0.800445295663807
EXT00068	black1_F62B	F62	black	11	2.25451000345065	2.48487391057176	2.3696919570112	0
EXT00069	black1_F62B	F62	black	11	2.5582146586922	2.67196075853499	2.6150877086136	1.97550136772331
EXT00070	black1_F62B	F62	black	11	2.09272465667705	2.36767310766117	2.23019888216911	0
EXT00071	black1_F62B	F62	black	11	2.53055729364248	2.8616940501204	2.69612567188144	1.73072783858732
EXT00072	black1_F62B	F62	black	11	0.708804687418362	1.81375883662893	1.26128176202365	0
EXT00073	black1_F62B	F62	black	11	1.60713833741665	1.98386556534328	1.79550195137997	1.60713833741665
EXT00074	black1_F62B	F62	black	11	1.36899666001957	2.41227643582413	1.89063654792185	1.70640800103304
EXT00075	black1_F62B	F62	black	11	2.30245530165754	2.47262612450197	2.38754071307976	0
EXT00076	black1_F62B	F62	black	11	2.60820043428996	2.73242347304528	2.67031195366762	0
EXT00077	black1_F62B	F62	black	11	1.80291966087427	2.43122790312923	2.11707378200175	0
EXT00078	black1_F62B	F62	black	11	0	2.57881404026525	1.28940702013263	0
EXT00079	black1_F62B	F62	black	11	0	1.81749719363797	0.908748596818984	1.214681895088
EXT00080	black1_F62B	F62	black	11	1.83876780457097	2.05132409480228	1.94504594968662	1.12015161264083
EXT00081	black1_F62B	F62	black	11	3.08955817317875	3.14426520352513	3.11691168835194	2.67574479455369
EXT00082	black1_F62B	F62	black	11	0	2.67735311944194	1.33867655972097	0
EXT00083	black1_F62B	F62	black	11	2.44810891359238	2.15161200600866	2.29986045980052	0.999331154366991
EXT00084	black1_F62B	F62	black	11	1.91041194364618	2.07171863579399	1.99106528972008	1.25522310087059
EXT00085	black1_F62B	F62	black	11	2.52728883288829	2.43940828447135	2.48334855867982	1.27753189733489
EXT00086	black1_F62B	F62	black	11	3.22541167175117	3.27933889690489	3.25237528432803	0
EXT00087	black1_F62B	F62	black	11	2.53279540772243	2.27914086763076	2.40596813767659	0.963950171454832
EXT00088	black1_F62B	F62	black	11	2.00311135658086	2.29971387334647	2.15141261496367	1.22490990251871
EXT00089	black1_F62B	F62	black	11	2.69945870241208	2.93154058047365	2.81549964144287	0
EXT00090	black1_F62B	F62	black	11	3.018033810072	3.1285830470356	3.0733084285538	2.06015352591461
EXT00091	black1_F62B	F62	black	11	2.48136008507967	2.40822357093175	2.44479182800571	0.940051722984402
EXT00092	black1_F62B	F62	black	11	1.72335993041258	1.92670947114593	1.82503470077925	0
EXT00093	black1_F62B	F62	black	11	1.12220565802119	1.99327002219181	1.5577378401065	1.12220565802119
EXT00094	black1_F62B	F62	black	11	0	2.38830075343953	1.19415037671976	0
EXT00095	black1_F62B	F62	black	11	2.90196796752914	3.01111984852017	2.95654390802466	0
EXT00096	black1_F62B	F62	black	11	2.89904215828962	3.14137990248044	3.02021103038503	2.67596260642274
EXT00097	black1_F62B	F62	black	11	2.19102247223026	2.13149119010692	2.16125683116859	1.19604923318156
EXT00098	black1_F62B	F62	black	14	2.42924461054609	2.61679787003388	2.52302124028998	1.71596907051013
EXT00099	black1_F62B	F62	black	14	1.17343967226603	1.48791856368177	1.3306791179739	0
EXT00100	black1_F62B	F62	black	14	2.3076318208225	2.47616943803686	2.39190062942968	1.85130677351177
EXT00101	black1_F62B	F62	black	14	2.41738638852682	2.31224262792993	2.36481450822838	1.08884452185824
EXT00102	black1_F62B	F62	black	14	2.67789000706659	2.71955431872802	2.69872216289731	1.24315300092563
EXT00103	black1_F62B	F62	black	14	2.4677819979625	2.57356878430663	2.52067539113457	1.5054771612403
EXT00104	black1_F62B	F62	black	14	2.0686199140439	2.52771416749702	2.29816704077046	0.967018586646001
EXT00105	black1_F62B	F62	black	14	1.60116420936417	1.83730031293632	1.71923226115025	1.29714776001846
EXT00106	black1_F62B	F62	black	14	2.01647490447488	2.37397366830114	2.19522428638801	1.27340992751716
EXT00107	black1_F62B	F62	black	14	2.23368706783204	2.37575656968605	2.30472181875904	1.57657657813348
EXT00108	black1_F62B	F62	black	14	1.89167079216708	2.26794658611123	2.07980868913916	1.7759943402198
EXT00109	black1_F62B	F62	black	14	2.72460239053425	2.69968413541628	2.71214326297527	0.898770098347745
EXT00110	black1_F62B	F62	black	14	2.11356998620027	2.16350783802152	2.13853891211089	1.49144442602802
EXT00111	black1_F62B	F62	black	14	1.96169334838603	1.96169334838603	1.96169334838603	1.68314738940891
EXT00112	black1_F62B	F62	black	14	1.8500774953565	2.19076696680806	2.02042223108228	1.15225239858058
EXT00113	black1_F62B	F62	black	14	2.3684269011589	2.91639282561255	2.64240986338572	0
EXT00114	black1_F62B	F62	black	14	0	1.74579125509964	0.872895627549819	0
EXT00115	black1_F62B	F62	black	14	2.6292280404218	2.762918466016	2.6960732532189	1.44704330599557
EXT00116	black1_F62B	F62	black	14	2.3912639962959	2.49747520399714	2.44436960014652	1.47824280315943
EXT00117	black1_F62B	F62	black	14	2.82858003788409	3.22973020321559	3.02915512054984	0
EXT00118	black1_F62B	F62	black	14	1.8942068714345	2.37689347076605	2.13555017110027	0.894272318010573
EXT00119	black1_F62B	F62	black	14	2.29631971007291	2.77226899839628	2.5342943542346	1.80099156932254
EXT00120	black1_F62B	F62	black	14	1.16481490227133	2.07349208277292	1.61915349252213	1.7284581320647
EXT00121	black1_F62B	F62	black	14	2.00368709424255	2.28123060333551	2.14245884878903	1.4155260841322
EXT00122	black1_F62B	F62	black	14	1.52610042017239	1.85696293355179	1.69153167686209	1.52610042017239
EXT00123	black1_F62B	F62	black	14	2.45377324205235	3.00790238426555	2.73083781315895	0
EXT00124	black1_F62B	F62	black	14	1.69165456931334	1.88858654803744	1.79012055867539	1.80529324511576
EXT00125	black1_F62B	F62	black	14	2.15627990252012	2.34012594792001	2.24820292522006	1.26471635171129
EXT00126	black1_F62B	F62	black	14	1.80137956793294	2.03175438182134	1.91656697487714	1.04167590164972
EXT00127	black1_F62B	F62	black	14	2.38765466464056	2.36969111105238	2.37867288784647	0
EXT00128	black1_F62B	F62	black	14	1.4010206818153	2.08646444350629	1.7437425626608	0.881152152975043
EXT00129	black1_F62B	F62	black	14	2.39143899472633	2.49915330747946	2.4452961511029	1.18558192700578
EXT00130	black1_F62B	F62	black	14	1.00281151307695	2.35790855775698	1.68036003541697	1.53151493694001
EXT00131	black1_F62B	F62	black	14	1.69894596922852	1.93846129200992	1.81870363061922	1.49841241906939
EXT00132	black1_F62B	F62	black	14	2.06562647091621	2.18726102159544	2.12644374625583	1.77140058279363
EXT00133	black1_F62B	F62	black	14	2.31642357943214	2.53710988183705	2.42676673063459	1.82415290424661
EXT00134	black1_F62B	F62	black	14	2.20605287376775	2.65840303584954	2.43222795480864	0
EXT00135	black1_F62B	F62	black	14	2.68557025329753	2.61543121825452	2.65050073577602	1.55372271792629
EXT00136	black1_F62B	F62	black	14	2.6828543231565	2.6828543231565	2.6828543231565	0
EXT00137	black1_F62B	F62	black	14	2.61386439618582	2.62464474939708	2.61925457279145	0.825841344595861
EXT00138	black1_F62B	F62	black	14	1.90570697461491	2.22894914751452	2.06732806106472	1.6779933691049
EXT00139	black1_F62B	F62	black	14	2.51109490402679	2.78831294176024	2.64970392289351	1.50397190020826
EXT00140	black1_F62B	F62	black	14	2.48522613160321	2.36834722889727	2.42678668025024	1.46752177878658
EXT00141	black1_F62B	F62	black	14	2.5493316447188	3.14164356513162	2.84548760492521	2.5493316447188
EXT00142	black1_F62B	F62	black	14	2.2214855933061	2.17200348178434	2.19674453754522	1.54020945109019
EXT00143	black1_F62B	F62	black	14	1.16944858927664	2.23250833865528	1.70097846396596	0.838787072449687
EXT00144	black1_F62B	F62	black	14	0	2.26416149141627	1.13208074570814	0
EXT00145	black1_F62B	F62	black	14	2.03634551537957	2.39662285844734	2.21648418691345	0.834858907689503
EXT00146	black1_F62B	F62	black	14	1.69688500068737	2.34262079205577	2.01975289637157	1.69688500068737
EXT00147	black1_F62B	F62	black	14	2.24998212787227	2.55847145995104	2.40422679391166	1.64560216902392
EXT00148	black1_F62B	F62	black	14	2.35338082480983	2.80379289078877	2.5785868577993	2.35338082480983
EXT00149	black1_F62B	F62	black	14	2.07810518941243	2.3730189526187	2.22556207101556	0.741202687345738
EXT00150	black1_F62B	F62	black	14	1.97290331708853	2.41268977484539	2.19279654596696	1.51007734244939
EXT00151	black1_F62B	F62	black	14	1.73809940342582	1.6482667102674	1.69318305684661	1.6482667102674
EXT00152	black1_F62B	F62	black	14	2.10424100979251	1.92172731416931	2.01298416198091	1.14761601920761
EXT00153	black1_F62B	F62	black	14	1.45946814376115	1.63258501742735	1.54602658059425	1.1413297966144
EXT00154	black1_F62B	F62	black	14	2.84502130399511	2.7074205103392	2.77622090716716	1.08257944683935
EXT00155	black1_F62B	F62	black	14	0	2.44169119308917	1.22084559654458	1.79728158284532
EXT00156	black1_F62B	F62	black	14	2.29438038503944	2.35784350821406	2.32611194662675	1.5359327014861
EXT00157	black1_F62B	F62	black	14	0	2.68179828426087	1.34089914213043	2.02927093973562
EXT00158	black1_F62B	F62	black	14	1.77142536079458	2.05963852788385	1.91553194433921	0
EXT00159	black1_F62B	F62	black	14	1.42946816205476	2.03161772785872	1.73054294495674	1.09357370065701
EXT00160	black1_F62B	F62	black	14	1.83362155932624	2.00418125669432	1.91890140801028	0
EXT00161	black1_F62B	F62	black	14	2.38047825712928	2.60408406885954	2.49228116299441	0.878857525024906
EXT00162	black1_F62B	F62	black	14	2.30972860036315	2.4450795293541	2.37740406485862	2.30972860036315
EXT00163	black1_F62B	F62	black	14	1.95080030691923	2.15328189481143	2.05204110086533	0
EXT00164	black1_F62B	F62	black	14	1.84609839194797	2.30509379850221	2.07559609522509	1.34617203923238
EXT00165	black1_F62B	F62	black	14	2.56967233191148	2.54548316158228	2.55757774674688	0.785084330353568
EXT00166	black1_F62B	F62	black	14	1.98489459946738	2.12762496944943	2.05625978445841	0
EXT00167	black1_F62B	F62	black	14	3.01638915678971	3.08188124593877	3.04913520136424	0
EXT00168	black1_F62B	F62	black	14	1.69626356798848	2.05512665866996	1.87569511332922	1.62063063252723
EXT00169	black1_F62B	F62	black	14	1.36551707969909	2.09355214801641	1.72953461385775	1.17435544586637
EXT00170	black1_F62B	F62	black	14	2.76407109491047	2.83141450771475	2.79774280131261	1.32878012776297
EXT00171	black1_F62B	F62	black	14	3.04630651795511	3.23296421318047	3.13963536556779	2.8246864431487
EXT00172	black1_F62B	F62	black	14	2.07104836645743	2.33410371127574	2.20257603886658	2.07104836645743
EXT00173	black1_F62B	F62	black	14	1.4863820256591	2.03456763621934	1.76047483093922	1.35404812815717
EXT00174	black1_F62B	F62	black	14	2.33732220023779	2.34498923374219	2.34115571698999	1.05135169282225
EXT00175	black1_F62B	F62	black	14	2.72234377750396	2.64985545674717	2.68609961712556	1.66945860529898
EXT00176	black1_F62B	F62	black	14	2.72242528729697	2.71683358942414	2.71962943836056	1.62960142179216
EXT00177	black1_F62B	F62	black	14	2.17568697267133	2.56208398530672	2.36888547898902	0
EXT00178	black1_F62B	F62	black	14	2.61107228644345	2.59538364051423	2.60322796347884	1.43441054588092
EXT00179	black1_F62B	F62	black	14	1.81351373951652	2.070641449158	1.94207759433726	1.24991774149868
EXT00180	black1_F62B	F62	black	14	2.69149171727887	2.78150623490347	2.73649897609117	0.840077364542007
EXT00181	black1_F62B	F62	black	14	2.72686114287303	2.92563450481908	2.82624782384606	0
EXT00182	black1_F62B	F62	black	14	1.94630715495935	2.23019042385521	2.08824878940728	1.51199248556688
EXT00183	black1_F62B	F62	black	15	2.48556738531773	2.84456168398017	2.66506453464895	1.28893277682336
EXT00184	black1_F62B	F62	black	15	1.87867549438199	2.3192684403754	2.09897196737869	1.09885370610138
EXT00185	black1_F62B	F62	black	15	0.879706848269393	2.94805830517763	1.91388257672351	1.3308412991618
EXT00186	black1_F62B	F62	black	15	1.14229369514759	3.16314454716137	2.15271912115448	1.50330991359165
EXT00187	black1_F62B	F62	black	15	2.10493250024265	2.95254375230989	2.52873812627627	1.03100846697542
EXT00188	black1_F62B	F62	black	15	2.13241551830658	2.98882134222869	2.56061843026763	1.45057732698566
EXT00189	black1_F62B	F62	black	15	2.22879711934662	2.76159925207161	2.49519818570911	2.22879711934662
EXT00190	black1_F62B	F62	black	15	2.02011657522637	3.03830864820356	2.52921261171496	1.11229445441013
EXT00191	black1_F62B	F62	black	15	1.78110866595355	3.09638412219998	2.43874639407677	1.64366942899829
EXT00192	black1_F62B	F62	black	15	2.5579265874447	3.05072293502743	2.80432476123607	0.91018042015794
EXT00193	black1_F62B	F62	black	15	2.67572296422925	2.96188604929534	2.8188045067623	0.968841476259307
EXT00194	black1_F62B	F62	black	15	2.82566008758044	3.03578061402456	2.9307203508025	0.579177522716565
EXT00195	black1_F62B	F62	black	15	2.53549104560044	2.90890197905748	2.72219651232896	1.12854743199997
EXT00196	black1_F62B	F62	black	15	1.64944144535567	2.36083341686179	2.00513743110873	0
EXT00197	black1_F62B	F62	black	15	1.38008608605849	2.75426017241135	2.06717312923492	1.82661486920268
EXT00198	black1_F62B	F62	black	15	1.94901927314676	3.11291588779956	2.53096758047316	1.3053345044276
EXT00199	black1_F62B	F62	black	15	1.8750563724857	3.04858026241094	2.46181831744832	1.21159504314837
EXT00200	black1_F62B	F62	black	15	1.42577187619191	3.05510076314786	2.24043631966989	0.745298640524128
EXT00201	black1_F62B	F62	black	15	1.61661965892201	3.18234408228739	2.3994818706047	1.75423899395461
EXT00202	black1_F62B	F62	black	15	0.947495349759467	2.8856843295479	1.91658983965369	1.14726269307158
EXT00203	black1_F62B	F62	black	15	2.33230577302122	2.99552731159477	2.66391654230799	1.26086137795757
EXT00204	black1_F62B	F62	black	15	1.6556512961686	2.93799114380575	2.29682121998718	1.05437456466838
EXT00205	black1_F62B	F62	black	15	1.95864585328584	3.10967020531067	2.53415802929825	1.34206156315631
EXT00206	black1_F62B	F62	black	15	1.73825773263564	3.23061698479179	2.48443735871372	1.31333689718522
EXT00207	black1_F62B	F62	black	15	2.43380777742566	3.04919442708102	2.74150110225334	1.4463232797045
EXT00208	black1_F62B	F62	black	15	2.37034023689107	2.86750736677547	2.61892380183327	1.47092596580746
EXT00209	black1_F62B	F62	black	15	2.37258130175699	3.52227873147381	2.9474300166154	0
EXT00210	black1_F62B	F62	black	15	2.34092720562449	2.97886693735039	2.65989707148744	1.56770820473691
EXT00211	black1_F62B	F62	black	15	2.4714487305831	2.93342519503599	2.70243696280954	1.27746158274361
EXT00212	black1_F62B	F62	black	15	1.01804685974457	3.28611989305325	2.15208337639891	1.52018110915876
EXT00213	black1_F62B	F62	black	15	2.097528164693	3.03754947825874	2.56753882147587	0.928939515914293
EXT00214	black1_F62B	F62	black	15	1.38064239365212	3.10660200885867	2.2436222012554	1.11912691526604
EXT00215	black1_F62B	F62	black	15	1.53766324300696	2.79970130169924	2.1686822723531	0.871029089327022
EXT00216	black1_F62B	F62	black	15	1.58751111398369	2.92104536950587	2.25427824174478	1.5183679372603
EXT00217	black1_F62B	F62	black	15	2.55546254807144	3.0669132266078	2.81118788733962	0
EXT00218	black1_F62B	F62	black	15	1.46999853979386	3.16675970728229	2.31837912353808	0.899058730982139
EXT00219	black1_F62B	F62	black	15	1.42194327992396	3.24199739913599	2.33197033952997	1.42194327992396
EXT00220	black1_F62B	F62	black	15	0.8710522487227	3.18833863286007	2.02969544079139	0.8710522487227
EXT00221	black1_F62B	F62	black	15	2.20535271600055	2.9783888002718	2.59187075813618	0
EXT00222	black1_F62B	F62	black	15	0.646384101773862	3.32673763485367	1.98656086831377	1.48493825474519
EXT00223	black1_F62B	F62	black	15	2.48917929724312	3.01677534622729	2.7529773217352	0
EXT00224	black1_F62B	F62	black	15	2.56799037705096	3.00128374709137	2.78463706207117	1.09250600763345
EXT00225	black1_F62B	F62	black	15	1.30232015281001	3.31946563644003	2.31089289462502	1.77529210289927
EXT00226	black1_F62B	F62	black	15	2.7541026680015	3.04038310576172	2.89724288688161	1.17100819730627
EXT00227	black1_F62B	F62	black	15	2.06526548503184	2.19560213119588	2.13043380811386	1.97282042870808
EXT00228	black1_F62B	F62	black	15	0	3.29300617282612	1.64650308641306	0.771319142385666
EXT00229	black1_F62B	F62	black	15	2.75290743865996	2.99370365769461	2.87330554817729	1.45642749281817
EXT00230	black1_F62B	F62	black	15	2.59768184745033	2.88362062153448	2.74065123449241	0.909211579162304
EXT00231	black1_F62B	F62	black	15	2.12957327918857	3.0288565730742	2.57921492613138	1.37677837358817
EXT00232	black1_F62B	F62	black	15	1.29389328144674	3.0580784862666	2.17598588385667	1.4425297105533
EXT00233	black1_F62B	F62	black	15	1.97472834270418	2.92923194925735	2.45198014598076	0.720602930586578
EXT00234	black1_F62B	F62	black	15	1.86193748221844	3.02099190813855	2.4414646951785	1.09278773530585
EXT00235	black1_F62B	F62	black	15	0.701278891835953	3.25308544906086	1.9771821704484	1.54266539656179
EXT00236	black1_F62B	F62	black	15	1.99276648805382	2.81922762907788	2.40599705856585	1.2311713293276
EXT00237	black1_F62B	F62	black	15	2.70732173257306	2.95577020371065	2.83154596814185	0.986310089363144
EXT00238	black1_F62B	F62	black	15	2.33635414603027	3.08743057241521	2.71189235922274	0
EXT00239	black1_F62B	F62	black	15	1.86882086209465	3.07578895086444	2.47230490647954	0
EXT00240	black1_F62B	F62	black	15	2.12443082022068	3.04254665215429	2.58348873618748	1.40830795117203
EXT00241	black1_F62B	F62	black	15	2.5353266425223	2.9096901785082	2.72250841051525	1.48085264576122
EXT00242	black1_F62B	F62	black	15	2.63023298404189	2.97571907866133	2.80297603135161	1.35270790787724
EXT00243	black1_F62B	F62	black	15	0	2.78866243345008	1.39433121672504	0
EXT00244	black1_F62B	F62	black	15	2.2938769811949	2.96215593337199	2.62801645728345	0.835940152854227
EXT00245	black1_F62B	F62	black	15	2.77724000578313	3.01754137072202	2.89739068825258	1.17229129099427
EXT00246	black1_F62B	F62	black	15	2.20693352003982	3.12881149231598	2.6678725061779	1.70079540838716
EXT00247	black1_F62B	F62	black	15	1.26357409944714	3.04367472778596	2.15362441361655	0.918484979507544
EXT00248	black1_F62B	F62	black	15	2.33986441616459	3.0508891589917	2.69537678757814	1.11793815395848
EXT00249	black1_F62B	F62	black	15	2.35966783227085	3.0536111537097	2.70663949299027	0.964190135335349
EXT00250	black1_F62B	F62	black	15	1.18989708684001	3.28424731794257	2.23707220239129	1.34872345548736
EXT00251	black1_F62B	F62	black	15	1.368264730991	2.86641303736942	2.11733888418021	1.368264730991
EXT00252	black1_F62B	F62	black	15	1.25020334354547	3.09623264720104	2.17321799537326	1.25020334354547
EXT00253	black1_F62B	F62	black	15	1.67870596001523	3.25045928443142	2.46458262222332	1.59571403200908
EXT00254	black1_F62B	F62	black	15	2.40688949152996	2.94282772925424	2.6748586103921	1.5912808669649
EXT00255	black1_F62B	F62	black	15	1.45597463864393	3.255692205542	2.35583342209297	1.06728706379155
EXT00256	black1_F62B	F62	black	15	2.56389386992975	3.00342195597827	2.78365791295401	1.34753077848696
EXT00257	black1_F62B	F62	black	15	0	3.20482101167538	1.60241050583769	0.923420536729146
EXT00258	black1_F62B	F62	black	5	2.79041661429681	2.89057620124558	2.8404964077712	1.40420821893812
EXT00259	black1_F62B	F62	black	5	2.7595233367892	2.84878046922539	2.8041519030073	1.16786036483244
EXT00260	black1_F62B	F62	black	5	2.83903844834166	2.9753859320427	2.90721219019218	1.34017273178318
EXT00261	black1_F62B	F62	black	5	2.78300819312941	2.77734499978727	2.78017659645834	1.04881909461052
EXT00262	black1_F62B	F62	black	5	2.74604820010161	2.79074655749102	2.76839737879632	1.03707746057003
EXT00263	black1_F62B	F62	black	5	2.78684278447431	2.92806011646842	2.85745145047137	1.16105062443135
EXT00264	black1_F62B	F62	black	5	2.96351366111127	3.11103745051142	3.03727555581135	0
EXT00265	black1_F62B	F62	black	5	2.76857685654539	2.77330803220927	2.77094244437733	0.678823666448242
EXT00266	black1_F62B	F62	black	5	2.69764204342114	2.71044480480131	2.70404342411122	1.15198994358248
EXT00267	black1_F62B	F62	black	5	2.73441716836627	2.70689877449589	2.72065797143108	1.47364432328868
EXT00268	black1_F62B	F62	black	5	2.81655404122988	2.8608488906183	2.83870146592409	1.14852144182147
EXT00269	black1_F62B	F62	black	5	2.71539526186482	2.67942072269308	2.69740799227895	1.05593136844899
EXT00270	black1_F62B	F62	black	5	2.68800096259886	2.79704809747763	2.74252453003824	1.08725471814908
EXT00271	black1_F62B	F62	black	5	2.82580974843528	2.85530556406055	2.84055765624791	1.20424208156835
EXT00272	black1_F62B	F62	black	5	2.71074139938709	2.7210237155496	2.71588255746835	1.1964402727617
EXT00273	black1_F62B	F62	black	5	2.75317113363136	2.86409396189836	2.80863254776486	0.706049155132519
EXT00274	black1_F62B	F62	black	5	2.80160252076943	2.89003256788673	2.84581754432808	0.670253871150937
EXT00275	black1_F62B	F62	black	5	2.71537406908816	2.79651558549937	2.75594482729377	0.938987126036628
EXT00276	black1_F62B	F62	black	5	2.67543454428672	2.74677625369749	2.7111053989921	1.62943943585077
EXT00277	black1_F62B	F62	black	5	2.81192600951937	2.83314662401171	2.82253631676554	0.703774225447283
EXT00278	black1_F62B	F62	black	5	2.76896257877325	2.78969674542216	2.7793296620977	1.4111212652719
EXT00279	black1_F62B	F62	black	5	2.69895312618761	2.68226167515926	2.69060740067343	1.56319935258635
EXT00280	black1_F62B	F62	black	5	2.81324728448326	2.8439143785444	2.82858083151383	0
EXT00281	black1_F62B	F62	black	5	2.76127348421397	2.81983216709285	2.79055282565341	0.995594302113767
EXT00282	black1_F62B	F62	black	5	2.83638214678173	2.83330178737872	2.83484196708023	1.22968889252329
EXT00283	black1_F62B	F62	black	5	2.77917438760112	2.86953535634389	2.82435487197251	1.70007982195007
EXT00284	black1_F62B	F62	black	5	2.79637058472023	2.87145631849841	2.83391345160932	1.53159039462288
EXT00285	black1_F62B	F62	black	5	2.70822020277894	2.8295077346188	2.76886396869887	1.37795197497464
EXT00286	black1_F62B	F62	black	5	2.89673125868437	2.91047197386812	2.90360161627625	1.30923984807295
EXT00287	black1_F62B	F62	black	5	2.81286790289618	2.73059421281996	2.77173105785807	1.59173730331471
EXT00288	black1_F62B	F62	black	5	2.67030414307814	2.86298385039885	2.7666439967385	1.04477298915242
EXT00289	black1_F62B	F62	black	5	2.87033163560257	3.03599614691554	2.95316389125905	1.13648101810367
EXT00290	black1_F62B	F62	black	5	2.77643231350544	2.78051806438661	2.77847518894603	1.37496199501881
EXT00291	black1_F62B	F62	black	5	2.82662859629749	2.86134689944135	2.84398774786942	1.05496038701898
EXT00292	black1_F62B	F62	black	5	2.80785028798233	2.89436569528905	2.85110799163569	1.327593702332
EXT00293	black1_F62B	F62	black	5	2.69766602849445	2.73197619165266	2.71482111007356	1.14028327508081
EXT00294	black1_F62B	F62	black	5	2.82173830242323	2.81412911738721	2.81793370990522	0.997289364166143
EXT00295	black1_F62B	F62	black	5	2.87464960347936	2.86124383303688	2.86794671825812	0
EXT00296	black1_F62B	F62	black	5	2.70027451746005	2.86434444740869	2.78230948243437	1.16434510872167
EXT00297	black1_F62B	F62	black	5	2.76619021790173	2.77457802262861	2.77038412026517	1.60874053623254
EXT00298	black1_F62B	F62	black	5	2.8463649380921	2.87463461041883	2.86049977425546	1.19041295371158
EXT00299	black1_F62B	F62	black	5	2.64996596365768	2.88498639326981	2.76747617846374	1.62485044698284
EXT00300	black1_F62B	F62	black	5	2.74510832084026	2.79422300741152	2.76966566412589	1.49763359673452
EXT00301	black1_F62B	F62	black	5	2.91537719124542	2.9610548336159	2.93821601243066	1.05616980370101
EXT00302	black1_F62B	F62	black	5	2.7565425159421	2.78740369855865	2.77197310725038	0.828018343727862
EXT00303	black1_F62B	F62	black	5	2.78699653869332	2.96145906565499	2.87422780217415	0.793040117920706
EXT00304	black1_F62B	F62	black	5	2.89910523240445	2.86450501076216	2.8818051215833	0.808507441883847
EXT00305	black1_F62B	F62	black	5	2.80403942776292	2.83230128494212	2.81817035635252	1.09876420757313
EXT00306	black1_F62B	F62	black	5	2.87409529333416	2.90688699132956	2.89049114233186	0
EXT00307	black1_F62B	F62	black	5	2.88220656543349	2.95870723480687	2.92045690012018	1.25947541481756
EXT00308	black1_F62B	F62	black	5	2.63868734318327	2.79944868392176	2.71906801355252	1.24123184286326
EXT00309	black1_F62B	F62	black	5	2.71453791965665	2.72050527892196	2.7175215992893	0.719970509679556
EXT00310	black1_F62B	F62	black	5	2.73124342814489	2.7631860922114	2.74721476017815	1.42838150180239
EXT00311	black1_F62B	F62	black	5	2.88043639272659	2.91781543378764	2.89912591325711	0.737818327937307
EXT00312	black1_F62B	F62	black	5	2.78582118627418	2.84854140543701	2.81718129585559	0.680295333600346
EXT00313	black1_F62B	F62	black	5	2.79768219645444	2.91589422113121	2.85678820879283	1.31492267461173
EXT00314	black1_F62B	F62	black	5	2.73911702560815	2.77219076505319	2.75565389533067	1.60288092641011
EXT00315	black1_F62B	F62	black	5	2.6810034616622	2.86929416613991	2.77514881390105	0.757237928723353
EXT00316	black1_F62B	F62	black	5	2.78204571535196	2.79166615353411	2.78685593444303	1.02476765620217
EXT00317	black1_F62B	F62	black	5	2.77818992790912	2.9070669194448	2.84262842367696	1.5081761000287
EXT00318	black1_F62B	F62	black	5	2.76980781212456	2.77618732770124	2.7729975699129	1.24345015868107
EXT00319	black1_F62B	F62	black	5	2.70876516474391	2.9303467912908	2.81955597801735	1.29914655902225
EXT00320	black1_F62B	F62	black	6	2.66911760823473	2.6779910079474	2.67355430809107	1.32350741635527
EXT00321	black1_F62B	F62	black	6	2.68652184503158	2.6335391438008	2.66003049441619	0.742020571682136
EXT00322	black1_F62B	F62	black	6	2.07653406842551	2.52588926950718	2.30121166896634	0
EXT00323	black1_F62B	F62	black	6	2.60799096368762	2.50572890169363	2.55685993269063	1.45085000129008
EXT00324	black1_F62B	F62	black	6	2.51830676570459	2.4407736068741	2.47954018628935	1.45604050924647
EXT00325	black1_F62B	F62	black	6	2.45525370302095	2.33663268942195	2.39594319622145	0
EXT00326	black1_F62B	F62	black	6	1.73573684050954	2.17803526025771	1.95688605038362	0
EXT00327	black1_F62B	F62	black	6	1.46727562334586	2.06365034984491	1.76546298659538	1.14701401215696
EXT00328	black1_F62B	F62	black	6	1.09062978214477	0	0.545314891072386	1.6271778587571
EXT00329	black1_F62B	F62	black	6	2.63823474195132	2.58654943479944	2.61239208837538	1.46075207548999
EXT00330	black1_F62B	F62	black	6	1.72581968840139	2.33811863389918	2.03196916115028	1.57253702972064
EXT00331	black1_F62B	F62	black	6	2.58890401457827	2.56450277678343	2.57670339568085	1.43526161627485
EXT00332	black1_F62B	F62	black	6	1.29756063235507	1.82698396315547	1.56227229775527	0.776872597328916
EXT00333	black1_F62B	F62	black	6	2.53122997476307	2.4380835847385	2.48465677975079	1.06358665654744
EXT00334	black1_F62B	F62	black	6	1.61280452024799	2.12487887267671	1.86884169646235	0.85076547550271
EXT00335	black1_F62B	F62	black	6	2.18008049427078	2.41139772985205	2.29573911206141	0
EXT00336	black1_F62B	F62	black	6	2.78489673873359	2.61664930243654	2.70077302058507	1.58014599380316
EXT00337	black1_F62B	F62	black	6	2.49949251138622	2.36683756848303	2.43316503993462	1.75114273640722
EXT00338	black1_F62B	F62	black	6	1.69128485783835	2.07286865964512	1.88207675874173	1.38823134698654
EXT00339	black1_F62B	F62	black	6	2.62238600741998	2.50922072117622	2.5658033642981	1.36535883748106
EXT00340	black1_F62B	F62	black	6	2.55403234100041	2.45120037234615	2.50261635667328	1.28672045967633
EXT00341	black1_F62B	F62	black	6	1.7543802841406	1.97650610518175	1.86544319466118	0
EXT00342	black1_F62B	F62	black	6	2.56200307467454	2.57704136496195	2.56952221981824	0.724218542206052
EXT00343	black1_F62B	F62	black	6	1.20065849056931	2.14216802498121	1.67141325777526	1.70993541412992
EXT00344	black1_F62B	F62	black	6	1.60699688293921	1.88704466003762	1.74702077148841	1.37645080566235
EXT00345	black1_F62B	F62	black	6	2.51323753184845	2.43084127404502	2.47203940294674	0
EXT00346	black1_F62B	F62	black	6	2.74008351902793	2.72710466944745	2.73359409423769	1.39037320090818
EXT00347	black1_F62B	F62	black	6	2.45015036779394	2.36894797453837	2.40954917116616	1.08335352260149
EXT00348	black1_F62B	F62	black	6	1.41537181906875	1.84257431690586	1.62897306798731	0.765778609119368
EXT00349	black1_F62B	F62	black	6	2.64897888597271	2.7025142854243	2.67574658569851	1.28522653198766
EXT00350	black1_F62B	F62	black	6	1.59889479534534	1.95253409343289	1.77571444438911	0
EXT00351	black1_F62B	F62	black	6	0	1.93966627004359	0.969833135021797	2.09212630502206
EXT00352	black1_F62B	F62	black	6	0	1.67174637502463	0.835873187512317	0.923437283589481
EXT00353	black1_F62B	F62	black	6	2.57854086255816	2.54600225552376	2.56227155904096	1.10867465612535
EXT00354	black1_F62B	F62	black	6	2.36734248838713	2.32498976946911	2.34616612892812	0
EXT00355	black1_F62B	F62	black	6	2.61155220722608	2.50192710115914	2.55673965419261	1.17281638844245
EXT00356	black1_F62B	F62	black	6	1.3327526683274	2.1474176779393	1.74008517313335	0.819601989095174
EXT00357	black1_F62B	F62	black	6	2.51955417458581	2.45640150740859	2.4879778409972	1.02258550399044
EXT00358	black1_F62B	F62	black	6	2.57749196430292	2.53525972242597	2.55637584336444	0
EXT00359	black1_F62B	F62	black	6	2.3995939286719	2.2286752870255	2.3141346078487	1.31525193813739
EXT00360	black1_F62B	F62	black	6	1.25845639970793	1.83830427681911	1.54838033826352	1.06129066959102
EXT00361	black1_F62B	F62	black	6	1.13857820169826	1.97964490835135	1.55911155502481	1.33315799617436
EXT00362	black1_F62B	F62	black	6	2.1994238853578	2.16014953348424	2.17978670942102	1.07794511464423
EXT00363	black1_F62B	F62	black	6	0.817279242953443	1.83857620444819	1.32792772370082	0.817279242953443
EXT00364	black1_F62B	F62	black	6	2.08072991783669	2.16469154484269	2.12271073133969	1.24085310642131
EXT00365	black1_F62B	F62	black	6	1.34711232697088	2.00888725450777	1.67799979073933	1.47993137617821
EXT00366	black1_F62B	F62	black	6	2.60238604045099	2.48953437243095	2.54596020644097	1.56823325339405
EXT00367	black1_F62B	F62	black	6	2.45896379711824	2.46605617893728	2.46250998802776	1.09903826011839
EXT00368	black1_F62B	F62	black	6	2.69149876040752	2.69294716259171	2.69222296149962	0.697722440486069
EXT00369	black1_F62B	F62	black	6	2.48889130172488	2.46363076446411	2.4762610330945	1.3781836848468
EXT00370	black1_F62B	F62	black	6	2.11062176395173	2.28021903800381	2.19542040097777	1.11183570161612
EXT00371	black1_F62B	F62	black	6	1.45215449461952	2.05652010946936	1.75433730204444	1.25747290178478
EXT00372	black1_F62B	F62	black	6	1.21867433536966	1.65203327292797	1.43535380414882	1.21867433536966
EXT00373	black1_F62B	F62	black	6	1.6389147852589	2.485382652338	2.06214871879845	1.53782271489593
EXT00374	black1_F62B	F62	black	6	2.58415356433281	2.70140701030823	2.64278028732052	1.13213566571602
EXT00375	black1_F62B	F62	black	6	2.51961397551684	2.38241738914261	2.45101568232972	1.31478593169209
EXT00376	black1_F62B	F62	black	6	2.58909487410201	2.35176962463036	2.47043224936619	1.54205909368762
EXT00377	black1_F62B	F62	black	6	1.06862168761789	1.87510774383086	1.47186471572437	0
EXT00378	black1_F62B	F62	black	6	1.66649159257426	2.13105257487389	1.89877208372408	1.29422320976997
EXT00379	black1_F62B	F62	black	6	2.42376886523841	2.29347731747708	2.35862309135774	1.67134446588556
EXT00380	black1_F62B	F62	black	6	2.55026206433116	2.63386238715991	2.59206222574554	0.772595606100934
EXT00381	black1_F62B	F62	black	6	2.53922805095292	2.46998372918753	2.50460589007023	1.20575480433843
EXT00382	black1_F62B	F62	black	6	1.68314462439975	1.68314462439975	1.68314462439975	1.68314462439975
EXT00383	black1_F62B	F62	black	6	1.0463605805261	1.98535843732341	1.51585950892476	0.729011947842845
EXT00384	black1_F62B	F62	black	6	1.60832645628635	2.02530523049944	1.8168158433929	1.19133712125592
EXT00385	black1_F62B	F62	black	6	2.69191563076386	2.65132307431778	2.67161935254082	1.23033873576325
EXT00386	black1_F62B	F62	black	6	2.73995294309901	2.65603013266038	2.6979915378797	1.61175401560548
EXT00387	black1_F62B	F62	black	6	2.62418859741945	2.59986226754216	2.61202543248081	1.48340613345952
EXT00388	black1_F62B	F62	black	6	1.79002550971862	1.86500827697428	1.82751689334645	1.03029880583388
EXT00389	black1_F62B	F62	black	6	2.81235345388688	2.73505020382107	2.77370182885398	0.895903754572781
EXT00390	black1_F62B	F62	black	6	2.4465072529562	2.30317309007661	2.3748401715164	0
EXT00391	black1_F62B	F62	black	6	2.51949775934602	2.55452120036455	2.53700947985528	0.872019374976682
EXT00392	black1_F62B	F62	black	6	1.1311326306014	2.07704779702137	1.60409021381138	1.64881720873891
EXT00393	black1_F62B	F62	black	6	0.957702762115612	1.82534347985355	1.39152312098458	1.30616692675888
EXT00394	black1_F62B	F62	black	6	2.55513411799838	2.43271030789711	2.49392221294775	1.05882322141561
EXT00395	black1_F62B	F62	black	6	2.22411324815796	2.19020225634738	2.20715775225267	0.728373423394196
EXT00396	black1_F62B	F62	black	6	1.41718003314562	2.25551759650749	1.83634881482655	1.72505109887804
EXT00397	black1_F62B	F62	black	6	1.64291048572447	2.087864702252	1.86538759398824	0.798164070093638
EXT00398	black1_F62B	F62	black	6	1.7767041753768	2.14367475100402	1.96018946319041	1.20364647472537
EXT00399	black1_F62B	F62	black	6	2.61283789249393	2.64580429277962	2.62932109263678	1.47174442431671
EXT00400	black1_F62B	F62	black	6	1.55725958160275	1.99668741327154	1.77697349743715	0.901276853354871
EXT00401	black1_F62B	F62	black	6	1.53932137199383	2.00706261063794	1.77319199131589	1.40837599684117
EXT00402	black1_F62B	F62	black	6	2.66874225143855	2.5341615143743	2.60145188290642	0
EXT00403	black1_F62B	F62	black	6	2.66752204202366	2.64016087863269	2.65384146032817	0.763957517997988
EXT00404	black1_F62B	F62	black	6	2.03305347456187	2.20904718559986	2.12105033008086	0.804370663820851
EXT00405	black1_F62B	F62	black	6	1.79075781177323	2.06499882176366	1.92787831676845	1.17042901029265
EXT00406	black1_F62B	F62	black	6	1.38194600688473	1.91751412418467	1.6497300655347	1.19201203460459
EXT00407	black1_F62B	F62	black	6	2.66654658374033	2.58023063113233	2.62338860743633	1.66303347007682
EXT00408	black1_F62B	F62	black	6	2.62748553043689	2.53436791596671	2.5809267232018	1.48421249351102
EXT00409	black1_F62B	F62	black	6	2.64197769217504	2.66989865821841	2.65593817519673	0.821543298733068
EXT00410	black1_F62B	F62	black	6	0.800391913080583	2.01430409203199	1.40734800255629	0.800391913080583
EXT00411	black1_F62B	F62	black	6	2.55265928784113	2.55265928784113	2.55265928784113	1.39819885109932
EXT00412	black1_F62B	F62	black	6	2.667185653915	2.52832263281011	2.59775414336255	0.891391494011922
EXT00413	black1_F62B	F62	black	6	2.19879905330289	2.21381366233481	2.20630635781885	0
EXT00414	black1_F62B	F62	black	6	2.67073350771489	2.62220018373514	2.64646684572501	0.867158161491215
EXT00415	black1_F62B	F62	black	6	1.8487584512787	2.03993492199132	1.94434668663501	0
EXT00416	black1_F62B	F62	black	6	0	1.94805047151237	0.974025235756187	1.27124051890405
EXT00417	black1_F62B	F62	black	6	1.51254959976175	1.8660389896011	1.68929429468143	1.63920024648174
EXT00418	black1_F62B	F62	black	6	2.70731826210052	2.6899134702571	2.69861586617881	1.49584779258997
EXT00419	black1_F62B	F62	black	6	2.45305416959912	2.42593876822176	2.43949646891044	0.835703164677106
EXT00420	black1_F62B	F62	black	6	2.11868148155575	2.16848151653444	2.1435814990451	0
EXT00421	black1_F62B	F62	black	6	1.59584159642835	1.84470244853213	1.72027202248024	0.760348070586571
EXT00422	black1_F62B	F62	black	6	2.69882949573111	2.63474148867855	2.66678549220483	1.51136705747633
EXT00423	black1_F62B	F62	black	6	2.21637397741624	2.25199634301923	2.23418516021773	1.53927334323595
EXT00424	black1_F62B	F62	black	6	2.71445288284287	2.68485304836004	2.69965296560146	1.0560611011428
EXT00425	black1_F62B	F62	black	6	2.70020164317294	2.64387391721136	2.67203778019215	0
EXT00426	black1_F62B	F62	black	6	2.75840342155692	2.7537830139155	2.75609321773621	1.6228171579811
EXT00427	black1_F62B	F62	black	6	2.64657567524749	2.68563096865949	2.66610332195349	1.13173660340369
EXT00428	black1_F62B	F62	black	6	2.1925259126513	2.1925259126513	2.1925259126513	1.86976210775954
EXT00429	black1_F62B	F62	black	6	2.13565295905285	1.99084401789396	2.06324848847341	1.50231335812904
EXT00430	black1_F62B	F62	black	6	2.62374249254534	2.55218907383127	2.5879657831883	0.819984548790618
EXT00431	black1_F62B	F62	black	6	1.44464220845268	2.32223141156293	1.88343681000781	1.11975877336393
EXT00432	black1_F62B	F62	black	6	1.33610068354673	2.0570634356799	1.69658205961331	0
EXT00433	black1_F62B	F62	black	6	2.18122305823073	2.1976834030253	2.18945323062801	1.2440108403895
EXT00434	black1_F62B	F62	black	6	2.07627888943631	2.25825191383571	2.16726540163601	0
EXT00435	black1_F62B	F62	black	6	2.6809907310384	2.68013599595229	2.68056336349534	1.24484898933272
EXT00436	black1_F62B	F62	black	6	1.48704016267586	1.73056615729395	1.60880315998491	1.48704016267586
EXT00437	black1_F62B	F62	black	6	2.69040599559017	2.70196188448223	2.6961839400362	0.77609884386201
EXT00438	black1_F62B	F62	black	6	2.71038646664007	2.70632379219934	2.70835512941971	1.21978613377568
EXT00439	ryg029	F18	black	10	2.47114454358768	2.3630423301651	2.41709343687639	0
EXT00440	ryg029	F18	black	10	3.22792824801109	3.65971831601012	3.44382328201061	0
EXT00441	ryg029	F18	black	10	2.82049156058683	3.26638511891815	3.04343833975249	1.79317684354902
EXT00442	ryg029	F18	black	10	2.54559651484374	2.83872639307496	2.69216145395935	0
EXT00443	ryg029	F18	black	10	2.55788595304562	2.64066500974613	2.59927548139588	1.0563284608817
EXT00444	ryg029	F18	black	10	2.09539859210393	2.36584592132515	2.23062225671454	0
EXT00445	ryg029	F18	black	10	2.43169097572005	2.60025886454256	2.51597492013131	1.83735611819355
EXT00446	ryg029	F18	black	10	3.30907430022737	3.33619019104726	3.32263224563731	2.56758955030228
EXT00447	ryg029	F18	black	10	2.45429792765354	2.6423818150425	2.54833987134802	0.997800295770882
EXT00448	ryg029	F18	black	10	0	3.71281919441539	1.8564095972077	0
EXT00449	ryg029	F18	black	10	0	3.66573947213162	1.83286973606581	2.65832431140289
EXT00450	ryg029	F18	black	10	2.88458705950801	2.97853491091825	2.93156098521313	2.08252237031077
EXT00451	ryg029	F18	black	10	2.51382300583422	2.60821377626983	2.56101839105203	0
EXT00452	ryg029	F18	black	10	2.9195662859371	3.32381098624293	3.12168863609002	2.47325454023028
EXT00453	ryg029	F18	black	10	2.65722542614325	2.78121971628449	2.71922257121387	2.12180102339363
EXT00454	ryg029	F18	black	10	2.72479733590756	3.14919340891238	2.93699537240997	2.08926845654147
EXT00455	ryg029	F18	black	10	2.40660634651554	2.70267622202323	2.55464128426938	1.63306620926396
EXT00456	ryg029	F18	black	10	2.62192386007464	2.65454981624942	2.63823683816203	1.48408020650886
EXT00457	ryg029	F18	black	10	2.77965124482929	2.2864643814456	2.53305781313744	1.43036662071172
EXT00458	ryg029	F18	black	10	2.54526797297241	2.50416043474041	2.52471420385641	0.83751322206136
EXT00459	ryg029	F18	black	10	2.53180362404042	2.61181399390201	2.57180880897122	1.49315882707884
EXT00460	ryg029	F18	black	10	2.69579678990128	2.6118323569369	2.65381457341909	0
EXT00461	ryg029	F18	black	10	2.42203379317395	2.45620303711996	2.43911841514696	1.53368340134036
EXT00462	ryg029	F18	black	10	3.00386114104998	3.37495367007284	3.18940740556141	2.18962341091536
EXT00463	ryg029	F18	black	10	2.42455945652818	2.56812572084667	2.49634258868742	1.03032541820519
EXT00464	ryg029	F18	black	10	3.19202385416213	3.07483111646556	3.13342748531385	0
EXT00465	ryg029	F18	black	10	2.61526028015553	2.63721675438696	2.62623851727124	0.921565980048471
EXT00466	ryg029	F18	black	10	2.99863014122292	3.57423865366764	3.28643439744528	2.16649767398736
EXT00467	ryg029	F18	black	10	2.7120411621715	2.62354623022559	2.66779369619855	1.3583471896611
EXT00468	ryg029	F18	black	10	2.59469631008836	2.64861505904386	2.62165568456611	0.825700316858338
EXT00469	ryg029	F18	black	10	2.38294901236547	2.43942524317482	2.41118712777014	1.18487534233194
EXT00470	ryg029	F18	black	10	2.51878027194936	2.66966630407358	2.59422328801147	1.45035290846741
EXT00471	ryg029	F18	black	10	2.48030108373541	2.64000268243328	2.56015188308434	0
EXT00472	ryg029	F18	black	10	2.72367461530187	2.64524535341339	2.68445998435763	1.37206467391092
EXT00473	ryg029	F18	black	10	2.48983114495978	2.69212262387965	2.59097688441972	1.63118740213618
EXT00474	ryg029	F18	black	10	2.64856117487801	2.64856117487801	2.64856117487801	1.1227939880344
EXT00475	ryg029	F18	black	10	2.58512908542239	2.57840498220332	2.58176703381286	1.17887966033553
EXT00476	ryg029	F18	black	10	2.9251324216985	3.20285053317957	3.06399147743904	0
EXT00477	ryg029	F18	black	10	2.6585018499779	2.55346491454119	2.60598338225955	0.875891392064546
EXT00478	ryg029	F18	black	10	2.54410030459778	2.53027303171962	2.5371866681587	1.40608889808585
EXT00479	ryg029	F18	black	10	3.09223431012121	2.89718353024374	2.99470892018248	0
EXT00480	ryg029	F18	black	10	3.34135853958041	3.24649384285365	3.29392619121703	2.70871407682397
EXT00481	ryg029	F18	black	10	2.76975415146207	2.62959701652884	2.69967558399546	1.46715865246094
EXT00482	ryg029	F18	black	10	2.48891029113909	3.38196298993521	2.93543664053715	0
EXT00483	ryg029	F18	black	10	2.60265746520298	2.63858971147478	2.62062358833888	1.38747201064762
EXT00484	ryg029	F18	black	11	2.45054112037243	2.46971466555167	2.46012789296205	0.999334831640196
EXT00485	ryg029	F18	black	11	2.57154117734294	2.50028619915836	2.53591368825065	1.46079514643694
EXT00486	ryg029	F18	black	11	2.44771866893812	2.36641838331392	2.40706852612602	1.20225316374441
EXT00487	ryg029	F18	black	11	2.38422633890607	2.34610633045527	2.36516633468067	1.45143687564061
EXT00488	ryg029	F18	black	11	2.42645999251491	2.26966221860802	2.34806110556146	1.43990807282882
EXT00489	ryg029	F18	black	11	2.62601113351033	2.56943768202623	2.59772440776828	1.42513057974852
EXT00490	ryg029	F18	black	11	1.44323701193017	1.88510599800997	1.66417150497007	1.31304433008953
EXT00491	ryg029	F18	black	11	2.12840502568811	2.25387896429276	2.19114199499044	1.5051032988084
EXT00492	ryg029	F18	black	11	2.0666999194745	1.92711932246118	1.99690962096784	1.34121383773398
EXT00493	ryg029	F18	black	11	0.755541533801849	2.00906204406984	1.38230178893584	1.06981703683982
EXT00494	ryg029	F18	black	11	2.5906598416305	2.56777052712364	2.57921518437707	1.18487080783023
EXT00495	ryg029	F18	black	11	2.52946292045867	2.36406192328476	2.44676242187171	1.07502766037111
EXT00496	ryg029	F18	black	11	2.747670520504	2.78060399595532	2.76413725822966	0
EXT00497	ryg029	F18	black	11	2.37381876929178	2.27967188690626	2.32674532809902	1.28298715346137
EXT00498	ryg029	F18	black	11	1.57865309523578	1.67524605529187	1.62694957526382	0.924252013374538
EXT00499	ryg029	F18	black	11	0	2.18978494195729	1.09489247097864	1.29017962827454
EXT00500	ryg029	F18	black	11	2.30217422828078	2.16146221180806	2.23181822004442	0
EXT00501	ryg029	F18	black	11	2.42307011039376	2.33326992524253	2.37817001781814	1.54751125376747
EXT00502	ryg029	F18	black	11	2.85802557439478	2.85802557439478	2.85802557439478	0
EXT00503	ryg029	F18	black	11	2.40856020929795	2.2366024157237	2.32258131251083	0.960057893560576
EXT00504	ryg029	F18	black	11	2.5024810870399	2.49273217920626	2.49760663312308	1.74272997458464
EXT00505	ryg029	F18	black	11	0.810459327118775	1.8940873067069	1.35227331691284	1.32128871390988
EXT00506	ryg029	F18	black	11	2.43457793789994	2.2902823461257	2.36243014201282	1.27811695650486
EXT00507	ryg029	F18	black	11	1.87903782393854	2.2766106553278	2.07782423963317	0.833397565914379
EXT00508	ryg029	F18	black	11	1.47641438374582	2.29655435317632	1.88648436846107	1.04757288453407
EXT00509	ryg029	F18	black	11	2.55093404468513	2.43606306971622	2.49349855720067	0
EXT00510	ryg029	F18	black	11	2.60168002930802	2.51531769074555	2.55849886002679	1.49789795857365
EXT00511	ryg029	F18	black	11	2.26531017031688	2.08574938174139	2.17552977602914	1.10442842700449
EXT00512	ryg029	F18	black	11	0	1.54487279839156	0.772436399195782	1.54487279839156
EXT00513	ryg029	F18	black	11	2.66483539833903	2.50821356077308	2.58652447955606	1.31162911661541
EXT00514	ryg029	F18	black	11	1.12485729729096	1.31264817633337	1.21875273681216	1.61457688650933
EXT00515	ryg029	F18	black	11	1.86570518593543	2.04460665198487	1.95515591896015	0
EXT00516	ryg029	F18	black	11	1.21298616231664	2.2278324881979	1.72040932525727	1.21298616231664
EXT00517	ryg029	F18	black	11	2.20958510780628	2.61703307096114	2.41330908938371	0
EXT00518	ryg029	F18	black	11	1.40842156471612	2.00867462507165	1.70854809489388	0.898995599182688
EXT00519	ryg029	F18	black	11	2.16501234254278	2.26430327986271	2.21465781120275	1.49538621839523
EXT00520	ryg029	F18	black	11	1.97814697866153	2.4361465291788	2.20714675392017	1.63007918330378
EXT00521	ryg029	F18	black	11	2.39087137169962	2.17543034705739	2.28315085937851	1.04961429003651
EXT00522	ryg029	F18	black	11	0	1.5382327732096	0.7691163866048	1.44203111491528
EXT00523	ryg029	F18	black	11	2.63074534158811	2.36916847724176	2.49995690941493	1.67063292233442
EXT00524	ryg029	F18	black	11	1.77775791932501	2.33895430539062	2.05835611235782	1.42056670672324
EXT00525	ryg029	F18	black	11	2.54228298152113	2.47733355656245	2.50980826904179	1.1874975793355
EXT00526	ryg029	F18	black	11	2.40396504793162	2.20878898657945	2.30637701725554	1.13228241905607
EXT00527	ryg029	F18	black	11	2.50730676489137	2.46781460678338	2.48756068583737	1.25044757861868
EXT00528	ryg029	F18	black	11	1.45476693715328	2.13122359388703	1.79299526552016	1.58406707456259
EXT00529	ryg029	F18	black	11	2.44188763912641	2.57761039163035	2.50974901537838	1.8669208807979
EXT00530	ryg029	F18	black	11	2.24170542655453	2.18575404602972	2.21372973629213	1.63869188164632
EXT00531	ryg029	F18	black	11	2.652380972219	2.59842431356332	2.62540264289116	1.12848715846563
EXT00532	ryg029	F18	black	11	1.50585657322393	2.0504469611002	1.77815176716207	1.18153839553958
EXT00533	ryg029	F18	black	11	2.16489681994151	2.13396043054123	2.14942862524137	1.22682999092765
EXT00534	ryg029	F18	black	11	1.47826605899335	1.8386881610284	1.65847711001088	0.954354149993916
EXT00535	ryg029	F18	black	11	1.50028065378848	1.81566099040187	1.65797082209518	1.08373702506832
EXT00536	ryg029	F18	black	11	1.50995119967799	2.16504851005791	1.83749985486795	0
EXT00537	ryg029	F18	black	11	1.51158395803602	2.22052071744015	1.86605233773809	1.32346402482897
EXT00538	ryg029	F18	black	11	2.52850407987319	2.62059246422269	2.57454827204794	1.50229290825599
EXT00539	ryg029	F18	black	11	2.68306034325704	2.71228364562723	2.69767199444213	0
EXT00540	ryg029	F18	black	11	2.6358356449066	2.58669382160272	2.61126473325466	0
EXT00541	ryg029	F18	black	11	2.64692059312104	2.56389543125187	2.60540801218645	1.31962604185588
EXT00542	ryg029	F18	black	11	1.33114041536853	2.14954727493949	1.74034384515401	1.65817201029163
EXT00543	ryg029	F18	black	11	1.29219460379533	1.29219460379533	1.29219460379533	1.29219460379533
EXT00544	ryg029	F18	black	11	2.59612880133603	2.37691878038373	2.48652379085988	1.73668189196953
EXT00545	ryg029	F18	black	11	1.47201920964287	2.23782107925875	1.85492014445081	0.821313632331588
EXT00546	ryg029	F18	black	11	2.45144871493163	2.37074871244121	2.41109871368642	1.13271772155402
EXT00547	ryg029	F18	black	11	2.35205110915266	2.30177457123301	2.32691284019283	0.847465556405272
EXT00548	ryg029	F18	black	11	2.57597280560667	2.50565288894466	2.54081284727567	1.12622127231619
EXT00549	ryg029	F18	black	11	2.30523501025692	2.36098384093976	2.33310942559834	1.48927933154082
EXT00550	ryg029	F18	black	14	2.51389656441991	2.98446904491503	2.74918280466747	0
EXT00551	ryg029	F18	black	14	3.02271281892651	3.21105136879583	3.11688209386117	0
EXT00552	ryg029	F18	black	14	2.69802966168223	2.69802966168223	2.69802966168223	0
EXT00553	ryg029	F18	black	14	0	0	0	2.96103946147039
EXT00554	ryg029	F18	black	14	3.11245055061742	3.26413215302893	3.18829135182317	0
EXT00555	ryg029	F18	black	14	3.41674485705795	2.87171574731721	3.14423030218758	2.87171574731721
EXT00556	ryg029	F18	black	14	2.60898613501181	2.60898613501181	2.60898613501181	0
EXT00557	ryg029	F18	black	14	3.12974055977013	3.23936454558644	3.18455255267829	0
EXT00558	ryg029	F18	black	14	2.68854095929567	2.68492270268894	2.6867318309923	1.27442614352723
EXT00559	ryg029	F18	black	14	2.74490027048652	3.07771635330605	2.91130831189629	0
EXT00560	ryg029	F18	black	14	2.63252739504265	2.55597618819509	2.59425179161887	0.813596566534817
EXT00561	ryg029	F18	black	14	2.68763764889364	2.90200450568957	2.79482107729161	0
EXT00562	ryg029	F18	black	14	2.77578459249819	3.03590483938887	2.90584471594353	2.14537969466279
EXT00563	ryg029	F18	black	14	2.39692075783528	2.89212930988362	2.64452503385945	0
EXT00564	ryg029	F18	black	14	3.0576250710602	3.31746571187746	3.18754539146883	0
EXT00565	ryg029	F18	black	14	2.66930354241271	2.54143319735627	2.60536836988449	1.59975094816134
EXT00566	ryg029	F18	black	14	2.71927846859668	2.97783057839918	2.84855452349793	0
EXT00567	ryg029	F18	black	14	2.6688815865645	2.64802484953011	2.6584532180473	1.21502484830125
EXT00568	ryg029	F18	black	14	2.78415192387721	3.02280416086372	2.90347804237046	1.81345547216362
EXT00569	ryg029	F18	black	14	2.79054076147992	3.0261869378251	2.90836384965251	0
EXT00570	ryg029	F18	black	14	2.51856273866387	2.58199609279054	2.5502794157272	1.47530922117044
EXT00571	ryg029	F18	black	15	2.07260065582669	3.04136003301568	2.55698034442118	1.35080859221503
EXT00572	ryg029	F18	black	15	2.71430335957716	3.05687812507652	2.88559074232684	1.16866378434846
EXT00573	ryg029	F18	black	15	2.82595722296281	2.98861723517067	2.90728722906674	1.80020130971846
EXT00574	ryg029	F18	black	15	2.80410536158739	2.93895619159155	2.87153077658947	1.2057087267322
EXT00575	ryg029	F18	black	15	2.5071777167813	3.10639568020508	2.80678669849319	1.53271221820901
EXT00576	ryg029	F18	black	15	2.76007598203443	3.03004011632178	2.8950580491781	1.50015955073576
EXT00577	ryg029	F18	black	15	2.7535050670279	2.95187001314489	2.8526875400864	1.54802847975977
EXT00578	ryg029	F18	black	15	2.2759147241499	3.06859266093634	2.67225369254312	0
EXT00579	ryg029	F18	black	15	2.78724166078947	3.00604409611904	2.89664287845426	1.24369449278659
EXT00580	ryg029	F18	black	15	2.71979268400309	2.9772364271113	2.8485145555572	1.05011449120449
EXT00581	ryg029	F18	black	15	2.00331701833563	3.08052336143695	2.54192018988629	1.50597963991109
EXT00582	ryg029	F18	black	15	2.72559125138291	2.92212212102107	2.82385668620199	1.04709552574004
EXT00583	ryg029	F18	black	15	2.71657918592765	2.9521946342941	2.83438691011087	1.54042364380378
EXT00584	ryg029	F18	black	15	2.48840416227292	3.00173489411786	2.74506952819539	1.51282633806987
EXT00585	ryg029	F18	black	15	2.77524678717117	2.98449917909663	2.8798729831339	0
EXT00586	ryg029	F18	black	15	2.74937887518434	3.20120181897048	2.97529034707741	1.61303143157085
EXT00587	ryg029	F18	black	15	2.18140766933145	3.05763529591447	2.61952148262296	1.59187940531285
EXT00588	ryg029	F18	black	15	1.96037044927443	2.99981182253125	2.48009113590284	1.44962109618397
EXT00589	ryg029	F18	black	15	2.72043886233248	2.93495899218347	2.82769892725798	0.866486976284797
EXT00590	ryg029	F18	black	15	2.83236877310503	2.93620767648343	2.88428822479423	1.75882737559518
EXT00591	ryg029	F18	black	15	2.66318816787021	2.98453269230195	2.82386043008608	1.72797698599472
EXT00592	ryg029	F18	black	15	2.55995748950412	3.10452537655141	2.83224143302776	1.6457363682565
EXT00593	ryg029	F18	black	15	2.24621809583898	3.03267449048896	2.63944629316397	1.52154696209398
EXT00594	ryg029	F18	black	15	2.06590734863915	3.03428510964671	2.55009622914293	1.78939243484878
EXT00595	ryg029	F18	black	15	2.61136591879341	2.87984993504404	2.74560792691873	1.42703448683656
EXT00596	ryg029	F18	black	15	2.68820103712622	2.93764446220101	2.81292274966361	0
EXT00597	ryg029	F18	black	15	2.13327445214295	3.14821012063803	2.64074228639049	1.4021260446674
EXT00598	ryg029	F18	black	15	2.3590830779231	2.99495609638963	2.67701958715637	1.64126922450188
EXT00599	ryg029	F18	black	15	1.8621083101335	2.94096026481784	2.40153428747567	1.8621083101335
EXT00600	ryg029	F18	black	15	2.67461089985642	2.97739875907734	2.82600482946688	0.708538303812783
EXT00601	ryg029	F18	black	15	2.83394531202599	3.1784229114975	3.00618411176175	0
EXT00602	ryg029	F18	black	15	2.68988706824437	3.04282300147586	2.86635503486011	1.58298790134135
EXT00603	ryg029	F18	black	15	2.41814321573867	3.01283687914521	2.71549004744194	1.09496958717257
EXT00604	ryg029	F18	black	5	2.88573720213215	2.98542055382733	2.93557887797974	1.38997499885136
EXT00605	ryg029	F18	black	5	2.80931774395905	2.85736138138431	2.83333956267168	1.24215142791095
EXT00606	ryg029	F18	black	5	2.76148466970584	2.85370790619753	2.80759628795168	1.4829877155832
EXT00607	ryg029	F18	black	5	2.6761924406957	2.90296827600483	2.78958035835026	1.01701097433252
EXT00608	ryg029	F18	black	5	2.80015331290893	2.90101368273423	2.85058349782158	1.04055327705014
EXT00609	ryg029	F18	black	5	2.85036414628892	2.96080235648696	2.90558325138794	1.32428996764368
EXT00610	ryg029	F18	black	5	2.80087616929167	2.87968874744668	2.84028245836918	1.78242553606764
EXT00611	ryg029	F18	black	5	2.80964955795513	2.90709514394333	2.85837235094923	1.29231157537313
EXT00612	ryg029	F18	black	5	2.79192214027517	2.95963081128326	2.87577647577922	1.52579155987716
EXT00613	ryg029	F18	black	5	2.87562632793619	2.95489173283593	2.91525903038606	1.62961931569367
EXT00614	ryg029	F18	black	5	2.52886820971893	3.00059706732409	2.76473263852151	1.88057626223117
EXT00615	ryg029	F18	black	5	2.84877080804919	2.89536871427401	2.8720697611616	1.61663349644897
EXT00616	ryg029	F18	black	5	2.90778463246183	3.03393096070849	2.97085779658516	0
EXT00617	ryg029	F18	black	5	2.81392319499362	2.95569400281596	2.88480859890479	1.40236550652732
EXT00618	ryg029	F18	black	5	2.82818763311573	2.91921961208682	2.87370362260128	1.72623523643734
EXT00619	ryg029	F18	black	5	3.10902869492705	3.28184924322408	3.19543896907557	0
EXT00620	ryg029	F18	black	5	2.75424468672544	2.8610035291943	2.80762410795987	1.64949866609248
EXT00621	ryg029	F18	black	5	2.85226430385734	2.90758354980364	2.87992392683049	1.38341084176897
EXT00622	ryg029	F18	black	5	2.78182149897111	2.93114756457719	2.85648453177415	1.30443553819667
EXT00623	ryg029	F18	black	5	2.76048525320124	2.92852474710209	2.84450500015167	1.3903216240365
EXT00624	ryg029	F18	black	5	2.86362138979944	2.91015466373353	2.88688802676648	1.38632445991916
EXT00625	ryg029	F18	black	5	2.98263894715696	2.94993087474229	2.96628491094963	1.64123902807134
EXT00626	ryg029	F18	black	5	2.9780117283101	3.03882501469466	3.00841837150238	1.87911782488483
EXT00627	ryg029	F18	black	5	2.73947259058287	2.86717300425137	2.80332279741712	1.53817022196618
EXT00628	ryg029	F18	black	5	2.79844474592611	2.87443350613489	2.8364391260305	1.74046914669184
EXT00629	ryg029	F18	black	5	2.85428619648051	2.94044246854443	2.89736433251247	1.48382626937447
EXT00630	ryg029	F18	black	5	2.80159806318201	2.9757285463037	2.88866330474286	1.11794153313876
EXT00631	ryg029	F18	black	5	2.77408597076283	2.88698710064957	2.8305365357062	1.19007060947503
EXT00632	ryg029	F18	black	5	2.73607139381468	2.81214335346355	2.77410737363911	1.22480659025892
EXT00633	ryg029	F18	black	5	2.81930280764743	2.87806866439008	2.84868573601875	1.31971891166964
EXT00634	ryg029	F18	black	5	2.74373105008581	2.95807610274618	2.85090357641599	1.49418766927337
EXT00635	ryg029	F18	black	5	2.86917415249299	2.97325834020062	2.92121624634681	0
EXT00636	ryg029	F18	black	5	2.84746249605657	2.80678489548567	2.82712369577112	1.40211493506232
EXT00637	ryg029	F18	black	5	2.78534834125718	2.87946000848266	2.83240417486992	1.09784550584761
EXT00638	ryg029	F18	black	5	2.85638581930363	2.99426183409078	2.9253238266972	1.31699842250674
EXT00639	ryg029	F18	black	5	2.88626934769693	2.88957900234219	2.88792417501956	1.87427470685989
EXT00640	ryg029	F18	black	5	2.75901715956923	2.93442169077759	2.84671942517341	1.04792580434269
EXT00641	ryg029	F18	black	5	2.815671952813	2.91187803611549	2.86377499446425	0.935847489334634
EXT00642	ryg029	F18	black	5	2.82932016984679	2.91779275407985	2.87355646196332	1.46964362218676
EXT00643	ryg029	F18	black	5	2.89165155139898	2.90495380097385	2.89830267618641	2.033264585251
EXT00644	ryg029	F18	black	5	2.72388812281374	2.92541466422536	2.82465139351955	1.49499404274927
EXT00645	ryg029	F18	black	5	2.89300381154631	2.90743403508788	2.90021892331709	1.50024532803913
EXT00646	ryg029	F18	black	5	2.73974644714467	2.93331166741315	2.83652905727891	1.26378087278821
EXT00647	ryg029	F18	black	5	2.78286605949759	2.96823834237354	2.87555220093556	1.00578037477138
EXT00648	ryg029	F18	black	5	2.8371499990028	2.91913332155995	2.87814166028137	1.71741434283204
EXT00649	ryg029	F18	black	5	2.80797109030584	2.86999087005752	2.83898098018168	1.35887916887132
EXT00650	ryg029	F18	black	5	2.84520898729101	2.94071062701803	2.89295980715452	1.24518587567693
EXT00651	ryg029	F18	black	5	2.8319306627854	2.96616580190812	2.89904823234676	1.39717763510949
EXT00652	ryg029	F18	black	5	2.80452566336106	2.88581976013818	2.84517271174962	1.21513377011382
EXT00653	ryg029	F18	black	5	2.77963316822031	2.92396191802392	2.85179754312211	1.5878791444883
EXT00654	ryg029	F18	black	5	2.7295293451601	2.8608374829562	2.79518341405815	1.46211250445562
EXT00655	ryg029	F18	black	5	2.77532948557545	2.82595885189944	2.80064416873745	1.46398900466546
EXT00656	ryg029	F18	black	5	2.75089371673654	2.90364034549394	2.82726703111524	1.25355882526361
EXT00657	ryg029	F18	black	5	2.78081520408381	2.885383457866	2.8330993309749	1.46690635472996
EXT00658	ryg029	F18	black	5	2.81249589051604	2.93746490561567	2.87498039806585	1.39596976028865
EXT00659	ryg029	F18	black	5	2.75058537782955	2.89852506868475	2.82455522325715	1.77495043962273
EXT00660	ryg029	F18	black	5	2.78856002105834	2.80213126778857	2.79534564442345	1.40163681813428
EXT00661	ryg029	F18	black	5	2.81476072914431	2.82411069297304	2.81943571105867	0.854400435082796
EXT00662	ryg029	F18	black	5	2.81129334653624	2.90327786292299	2.85728560472962	1.67375628254533
EXT00663	ryg029	F18	black	5	2.77593828829325	2.85839884376326	2.81716856602826	0.831755963874676
EXT00664	ryg029	F18	black	5	2.78769710502302	2.90971360505401	2.84870535503851	1.28241799192471
EXT00665	ryg029	F18	black	5	2.73651730571195	2.8523877305752	2.79445251814358	1.49815847010964
EXT00666	ryg029	F18	black	5	2.77372312411124	3.07314533004763	2.92343422707943	0
EXT00667	ryg029	F18	black	5	2.67728527454303	2.9723510740226	2.82481817428281	1.62471312515077
EXT00668	ryg029	F18	black	5	2.7092054892316	2.86466154199887	2.78693351561524	1.28493286748493
EXT00669	ryg029	F18	black	5	2.74251428254514	2.88263696029993	2.81257562142254	1.50714465635842
EXT00670	ryg029	F18	black	5	2.8290090165473	2.811504278429	2.82025664748815	1.19584052549526
EXT00671	ryg029	F18	black	5	2.74165817847973	2.86197615945056	2.80181716896514	1.32855919290748
EXT00672	ryg029	F18	black	5	2.75854994700752	2.85789425692502	2.80822210196627	1.38284687524347
EXT00673	ryg029	F18	black	5	2.86628272737719	2.88456277825482	2.87542275281601	1.70003181310807
EXT00674	ryg029	F18	black	5	2.67948119540689	2.92844098739301	2.80396109139995	1.30623454998816
EXT00675	ryg029	F18	black	5	2.84518620843811	2.91931991647887	2.88225306245849	1.13878086356899
EXT00676	ryg029	F18	black	5	2.80187834475152	2.93107352911629	2.8664759369339	0.771936530118816
EXT00677	ryg029	F18	black	5	2.81397594812459	2.92973935647922	2.8718576523019	1.56184886598744
EXT00678	ryg029	F18	black	5	2.82622269625801	2.95909341035585	2.89265805330693	1.47167852402138
EXT00679	ryg029	F18	black	5	2.70978227910415	2.92855907124022	2.81917067517219	1.59213851101553
EXT00680	ryg029	F18	black	5	2.78023132040754	2.94227192415035	2.86125162227895	1.52755969286762
EXT00681	ryg029	F18	black	5	2.64795687019379	2.69976933881806	2.67386310450592	1.34316884447534
EXT00682	ryg029	F18	black	5	2.73418504708099	2.80023211898289	2.76720858303194	1.54433597638587
EXT00683	ryg029	F18	black	5	2.81181402182175	2.88976398056765	2.8507890011947	1.53951296532872
EXT00684	ryg029	F18	black	5	2.83980763498246	2.84465949040463	2.84223356269355	1.4852822061931
EXT00685	ryg029	F18	black	5	2.76860723012485	2.91746362049012	2.84303542530748	1.34198623662297
EXT00686	ryg029	F18	black	5	2.89379044087658	3.34325843046792	3.11852443567225	0
EXT00687	ryg029	F18	black	5	2.81119097780412	2.88941624682044	2.85030361231228	1.66678511076031
EXT00688	ryg029	F18	black	5	2.84844835205622	2.90929701146179	2.878872681759	1.28625615610834
EXT00689	ryg029	F18	black	5	2.85680523419524	2.90065579524844	2.87873051472184	0.796686369984583
EXT00690	ryg029	F18	black	5	2.80713463785323	2.94235329622113	2.87474396703718	1.45825179892791
EXT00691	ryg029	F18	black	5	2.85843625109322	2.99693951643195	2.92768788376258	1.43168162610658
EXT00692	ryg029	F18	black	5	3.04845139954795	3.30029109508922	3.17437124731858	0
EXT00693	ryg029	F18	black	5	2.85241265151647	2.85073111313387	2.85157188232517	0
EXT00694	ryg029	F18	black	5	2.78052685457919	2.86883943991657	2.82468314724788	0.820477753565153
EXT00695	ryg029	F18	black	5	2.75107570900056	2.87861473117286	2.81484522008671	1.50003907872949
EXT00696	ryg029	F18	black	5	2.79057742313429	2.8417930604621	2.8161852417982	1.51019818234447
EXT00697	ryg029	F18	black	5	2.77855068450318	2.87977225834168	2.82916147142243	1.41889397993279
EXT00698	ryg029	F18	black	5	2.83494269418931	2.8924529133197	2.86369780375451	1.75527090124364
EXT00699	ryg029	F18	black	5	2.78800742184274	2.91862301405385	2.8533152179483	1.45149037679696
EXT00700	ryg029	F18	black	5	2.81348566870699	2.89991310399505	2.85669938635102	1.14015577139139
EXT00701	ryg029	F18	black	5	2.73177147582841	2.78797403428685	2.75987275505763	1.75125370694464
EXT00702	ryg029	F18	black	5	2.81627491221524	2.89949510191731	2.85788500706628	1.68998114723846
EXT00703	ryg029	F18	black	5	2.78736945556514	2.87427650010217	2.83082297783365	1.48037888327298
EXT00704	ryg029	F18	black	5	2.80609406257665	2.85914288588231	2.83261847422948	1.64325215650767
EXT00705	ryg029	F18	black	5	2.79436052359717	2.90060253252485	2.84748152806101	1.4783575614273
EXT00706	ryg029	F18	black	5	2.62965076864126	2.74026744225032	2.68495910544579	1.59554203426638
EXT00707	ryg029	F18	black	5	2.87616055306972	3.00221770441205	2.93918912874089	1.41185219830082
EXT00708	ryg029	F18	black	5	2.83478176415566	2.98604750839704	2.91041463627635	1.61318104045899
EXT00709	ryg029	F18	black	5	2.76250942218691	2.89174926721153	2.82712934469922	1.44712555409899
EXT00710	ryg029	F18	black	5	2.806841729307	2.91228164233506	2.85956168582103	1.40712586612063
EXT00711	ryg029	F18	black	5	2.82364078739007	2.87556395242599	2.84960236990803	1.70281073779353
EXT00712	ryg029	F18	black	5	2.77736521443834	3.02740165447587	2.9023834344571	1.39643885624636
EXT00713	ryg029	F18	black	5	2.75898586107614	2.8910976675849	2.82504176433052	1.03423304418332
EXT00714	ryg029	F18	black	5	2.79341431453883	2.88689701510869	2.84015566482376	1.58450989419731
EXT00715	ryg029	F18	black	5	2.80195415908061	2.90954167040538	2.855747914743	1.34505281167071
EXT00716	ryg029	F18	black	5	2.74512098083172	2.83920843707589	2.79216470895381	1.11376852130397
EXT00717	ryg029	F18	black	5	2.79840342431868	2.98427356320623	2.89133849376245	0.775434970542951
EXT00718	ryg029	F18	black	5	2.76436057791278	2.93563460578505	2.84999759184891	1.60066622381539
EXT00719	ryg029	F18	black	5	2.79033074006713	2.81928458744557	2.80480766375635	0.7919306726641
EXT00720	ryg029	F18	black	5	2.80457656516508	2.94611636472361	2.87534646494435	1.18521489053713
EXT00721	ryg029	F18	black	5	2.78984567700188	2.86942329910545	2.82963448805366	1.50869574661157
EXT00722	ryg029	F18	black	5	2.74772221179892	2.89790160531595	2.82281190855743	1.23766140571062
EXT00723	ryg029	F18	black	5	2.88067821398593	2.96259347637825	2.92163584518209	1.37936470645259
EXT00724	ryg029	F18	black	5	2.76461737840541	2.81212147470969	2.78836942655755	1.25399136912006
EXT00725	ryg029	F18	black	5	2.89485607048455	2.92537391830145	2.910114994393	1.07626850641137
EXT00726	ryg029	F18	black	5	2.82883171355626	2.96294953232747	2.89589062294186	1.65418508528298
EXT00727	ryg029	F18	black	5	2.79968399289646	2.87907664219298	2.83938031754472	1.12903227056316
EXT00728	ryg029	F18	black	5	2.80842624032381	2.89673254847736	2.85257939440058	1.3118315050191
EXT00729	ryg029	F18	black	5	2.73947763145419	2.77568771948293	2.75758267546856	1.04984748782573
EXT00730	ryg029	F18	black	5	2.81812739368807	2.9269818187869	2.87255460623749	1.71001810744752
EXT00731	ryg029	F18	black	5	2.73390939270832	2.90784194667049	2.82087566968941	1.544541582699
EXT00732	ryg029	F18	black	5	2.88286609066901	2.9948049370718	2.93883551387041	1.74028433894977
EXT00733	ryg029	F18	black	5	2.84153346553289	2.912343460452	2.87693846299245	1.35965637546725
EXT00734	ryg029	F18	black	5	2.76888404868287	2.84953436940189	2.80920920904238	1.1362819483372
EXT00735	ryg029	F18	black	5	2.98026175640791	3.13629278011308	3.0582772682605	1.60932831143076
EXT00736	ryg029	F18	black	5	2.8208705538526	2.87278200307225	2.84682627846242	1.23997496641129
EXT00737	ryg029	F18	black	5	2.80409646485241	2.87817062631267	2.84113354558254	1.58274786904507
EXT00738	ryg029	F18	black	5	2.7842827187851	2.908108903418	2.84619581110155	1.60192088814551
EXT00739	ryg029	F18	black	5	2.65434034264119	2.9475486414066	2.8009444920239	1.37878886151722
EXT00740	ryg029	F18	black	5	2.80692530892622	2.90539004046505	2.85615767469563	1.25532479688686
EXT00741	ryg029	F18	black	5	2.85705818981036	3.00756157976843	2.9323098847894	1.44007689293903
EXT00742	ryg029	F18	black	5	2.81192825500334	2.89190984832557	2.85191905166446	1.40461136776933
EXT00743	ryg029	F18	black	5	2.74142127099763	2.88920197935682	2.81531162517723	1.41785787365954
EXT00744	ryg029	F18	black	5	2.79648825402822	2.8668924353442	2.83169034468621	1.54291971041087
EXT00745	ryg029	F18	black	5	2.92360349249684	3.00598001359374	2.96479175304529	1.83633002355823
EXT00746	ryg029	F18	black	5	2.85704923467402	2.94704484086044	2.90204703776723	1.74180874458747
EXT00747	ryg029	F18	black	5	2.83595059978309	2.92455206697753	2.88025133338031	1.5438422649853
EXT00748	ryg029	F18	black	5	2.78313058557751	2.87626739723199	2.82969899140475	1.5601009913852
EXT00749	ryg029	F18	black	5	2.84135292304183	2.90556885889195	2.87346089096689	1.7582266153583
EXT00750	ryg029	F18	black	5	2.81179928053857	2.90809733303695	2.85994830678776	1.37665036674875
EXT00751	ryg029	F18	black	5	2.80240642116019	2.91900184316734	2.86070413216377	0.94950097195584
EXT00752	ryg029	F18	black	5	2.71690399452213	2.79554410246135	2.75622404849174	1.5605388893961
EXT00753	ryg029	F18	black	5	2.72732299095451	2.78364101350082	2.75548200222767	1.35727893121542
EXT00754	ryg029	F18	black	5	2.79863550935663	2.85576404230942	2.82719977583303	1.57278263939179
EXT00755	ryg029	F18	black	5	2.80029644500622	2.98298937840999	2.89164291170811	1.27270995677166
EXT00756	ryg029	F18	black	5	2.79709724774155	3.03362739656648	2.91536232215401	1.14137238141607
EXT00757	ryg029	F18	black	5	2.74522821714864	2.94130613310472	2.84326717512668	1.26822196254727
EXT00758	ryg029	F18	black	5	2.77954143482364	2.887968451756	2.83375494328982	1.23762415563595
EXT00759	ryg029	F18	black	5	2.8009352224463	2.80907126967004	2.80500324605817	0.770639442936057
EXT00760	ryg029	F18	black	5	2.6912429596538	2.93626458481019	2.813753772232	1.49984783362059
EXT00761	ryg029	F18	black	5	2.78001021843145	2.85197808912143	2.81599415377644	1.14811850334454
EXT00762	ryg029	F18	black	5	2.78791535807738	2.83632487779831	2.81212011793784	1.43373585246787
EXT00763	ryg029	F18	black	5	2.74638907894629	2.844472959095	2.79543101902064	1.47621187763943
EXT00764	ryg029	F18	black	5	2.88500772232299	2.87873727519835	2.88187249876067	1.45033862195788
EXT00765	ryg029	F18	black	5	2.69922598818165	2.73664398957814	2.7179349888799	1.48351264218477
EXT00766	ryg029	F18	black	5	2.72999820320505	2.80130983678662	2.76565401999584	1.60580677622244
EXT00767	ryg029	F18	black	5	2.84164521059451	2.84766753258988	2.8446563715922	1.60908709560739
EXT00768	ryg029	F18	black	5	2.67793671841918	2.91328388503776	2.79561030172847	1.6831092650139
EXT00769	ryg029	F18	black	5	2.9149039718102	2.96096683572077	2.93793540376548	1.28402507337333
EXT00770	ryg029	F18	black	5	2.83738194382098	2.95629354802378	2.89683774592238	1.69336432152958
EXT00771	ryg029	F18	black	5	2.82186857409759	2.84738376402897	2.83462616906328	1.6111989509812
EXT00772	ryg029	F18	black	5	2.88253111535561	2.92783661017182	2.90518386276371	1.36634369781796
EXT00773	ryg029	F18	black	5	2.75344762492685	2.88041104005795	2.8169293324924	1.65123111908161
EXT00774	ryg029	F18	black	5	2.69968730250795	2.93322878618183	2.81645804434489	1.71275253672175
EXT00775	ryg029	F18	black	5	2.83684034941925	2.93903514797005	2.88793774869465	1.34482581824951
EXT00776	ryg029	F18	black	5	2.66965701894513	2.80382583868495	2.73674142881504	1.27220823754095
EXT00777	ryg029	F18	black	5	2.85411462609102	2.96415390452475	2.90913426530788	1.83945865404798
EXT00778	ryg029	F18	black	5	2.79461434467092	2.89079202796213	2.84270318631653	1.59035244968671
EXT00779	ryg029	F18	black	5	2.88772234594382	2.93013748144973	2.90892991369677	1.58199847842104
EXT00780	ryg029	F18	black	5	2.76875277759765	2.88031156897977	2.82453217328871	1.57950795527415
EXT00781	ryg029	F18	black	5	2.79862599837109	2.89767109381227	2.84814854609168	1.54473769638963
EXT00782	ryg029	F18	black	5	2.78780379019553	2.89235763972768	2.84008071496161	1.45073287816382
EXT00783	ryg029	F18	black	5	2.86020596369386	2.91766084067326	2.88893340218356	1.10232129356638
EXT00784	ryg029	F18	black	5	2.82481299707559	2.94523959528603	2.88502629618081	1.57130183493128
EXT00785	ryg029	F18	black	5	2.85187985278439	2.96858607954745	2.91023296616592	1.43917400591891
EXT00786	ryg029	F18	black	5	2.75688023477697	2.92090665724875	2.83889344601286	0.893723981234893
EXT00787	ryg029	F18	black	5	2.81720996318527	3.04493073035395	2.93107034676961	1.5064860073842
EXT00788	ryg029	F18	black	5	2.82333583033252	2.88109606863948	2.852215949486	1.35579265536897
EXT00789	ryg029	F18	black	5	2.83167677120934	2.96101241829027	2.8963445947498	1.43001138140974
EXT00790	ryg029	F18	black	5	2.71742866151353	2.90469439324375	2.81106152737864	1.28910114902103
EXT00791	ryg029	F18	black	5	2.80384584881459	2.98777697024322	2.8958114095289	0.84172044604154
EXT00792	ryg029	F18	black	5	2.85219392437358	2.96326218342612	2.90772805389985	1.41494591773862
EXT00793	ryg029	F18	black	5	2.76748092788898	2.93361997566947	2.85055045177922	1.20191376947588
EXT00794	ryg029	F18	black	5	2.81923779856887	2.88734184077007	2.85328981966947	1.01770369250871
EXT00795	ryg029	F18	black	5	2.63215120847634	2.92889599904931	2.78052360376283	1.2845140107073
EXT00796	ryg029	F18	black	5	2.83486590393171	3.05397461198337	2.94442025795754	1.99644318535965
EXT00797	ryg029	F18	black	5	2.85974318806763	2.9363101319736	2.89802666002061	1.53158428560058
EXT00798	ryg029	F18	black	5	2.76748233170947	2.8677685703219	2.81762545101569	0.732210784385377
EXT00799	ryg029	F18	black	5	2.72422885223517	2.89674326174868	2.81048605699192	1.61736538079416
EXT00800	ryg029	F18	black	5	2.80768693413137	2.91525791599714	2.86147242506426	1.67810826670657
EXT00801	ryg029	F18	black	5	2.85175754751497	2.90087880256432	2.87631817503964	1.23967330506998
EXT00802	ryg029	F18	black	5	2.64337414649539	2.83644029408403	2.73990722028971	1.20617383625674
EXT00803	ryg029	F18	black	5	2.77245610591006	2.89586788667506	2.83416199629256	1.33669534646298
EXT00804	ryg029	F18	black	5	2.87261465588937	2.85055865266035	2.86158665427486	1.65098990800624
EXT00805	ryg029	F18	black	5	2.8698915363719	3.0459257976615	2.9579086670167	1.05825551159158
EXT00806	ryg029	F18	black	5	2.82489758177532	2.99612935368015	2.91051346772773	1.57951928916436
EXT00807	ryg029	F18	black	5	2.83282740719819	2.86851011721797	2.85066876220808	1.40081864573148
EXT00808	ryg029	F18	black	5	2.77956180222212	2.83611775505585	2.80783977863899	1.63824434169743
EXT00809	ryg029	F18	black	5	2.77742503249907	2.89189393691663	2.83465948470785	1.79496170629338
EXT00810	ryg029	F18	black	5	2.7199123857374	2.87314900993571	2.79653069783655	1.88933207144728
EXT00811	ryg029	F18	black	5	2.76306999892626	2.88248245496689	2.82277622694657	0
EXT00812	ryg029	F18	black	5	2.7749704518426	2.82337641078082	2.79917343131171	1.74120976397874
EXT00813	ryg029	F18	black	5	2.73226887581008	2.83534049230236	2.78380468405622	1.64337038584377
EXT00814	ryg029	F18	black	5	2.79412683945072	2.83379151723766	2.81395917834419	1.32602526307305
EXT00815	ryg029	F18	black	5	2.74401229808066	2.94172145812819	2.84286687810443	1.55272905531486
EXT00816	ryg029	F18	black	5	2.75533614173485	2.86471008204261	2.81002311188873	1.36485948348308
EXT00817	ryg029	F18	black	5	2.80062153642815	2.92978368732504	2.8652026118766	1.48508215429213
EXT00818	ryg029	F18	black	5	2.79737339285132	2.92624350535046	2.86180844910089	1.52642297982957
EXT00819	ryg029	F18	black	5	2.77766206407866	2.88251538919959	2.83008872663913	1.58422226315934
EXT00820	ryg029	F18	black	5	2.79592643147045	2.9756064503156	2.88576644089303	1.44948070289193
EXT00821	ryg029	F18	black	5	2.82947911978886	2.87394649178654	2.8517128057877	1.11608638473547
EXT00822	ryg029	F18	black	5	2.76992301826088	2.94770107894072	2.8588120486008	1.63771838192756
EXT00823	ryg029	F18	black	5	2.75427064764434	2.81370420732626	2.7839874274853	0
EXT00824	ryg029	F18	black	5	2.77962722939247	2.86494417465358	2.82228570202302	1.72984192258515
EXT00825	ryg029	F18	black	5	2.80341744668641	2.91887026729014	2.86114385698827	1.59067021805309
EXT00826	ryg029	F18	black	5	2.68020625773513	2.87321345228959	2.77670985501236	1.40212806625712
EXT00827	ryg029	F18	black	5	2.74873356673719	2.85264078993076	2.80068717833398	1.24647876199399
EXT00828	ryg029	F18	black	5	2.82120537369614	2.90789874012543	2.86455205691078	1.77368127416659
EXT00829	ryg029	F18	black	5	2.75790038222434	2.89128452181096	2.82459245201765	1.49128007021801
EXT00830	ryg029	F18	black	5	2.73634747018884	2.80626753677575	2.77130750348229	1.53560996204358
EXT00831	ryg029	F18	black	5	2.74454026427739	2.77508434947132	2.75981230687435	1.48799158814645
EXT00832	ryg029	F18	black	5	2.64893528414399	2.8041009610037	2.72651812257385	0
EXT00833	ryg029	F18	black	5	2.72711690006134	2.85119316585296	2.78915503295715	1.43692622586485
EXT00834	ryg029	F18	black	5	2.67778428280048	2.95910711884172	2.8184457008211	1.45246724937527
EXT00835	ryg029	F18	black	5	2.68194475078303	2.89113470695644	2.78653972886973	1.66525590962383
EXT00836	ryg029	F18	black	5	2.79313493894243	2.928408196722	2.86077156783222	1.3595863118781
EXT00837	ryg029	F18	black	5	2.83149978054772	2.96544080884865	2.89847029469818	1.50033275923077
EXT00838	ryg029	F18	black	5	2.80608472882396	2.842737228499	2.82441097866148	1.51923039496295
EXT00839	ryg029	F18	black	5	2.73940242680804	2.94147750943254	2.84043996812029	0.946582921628253
EXT00840	ryg029	F18	black	5	2.83592338270598	2.92648529737633	2.88120434004116	0.848734956574973
EXT00841	ryg029	F18	black	5	2.8154412084098	2.87831013421529	2.84687567131254	0
EXT00842	ryg029	F18	black	5	2.82397608228675	2.90882411495849	2.86640009862262	1.38941728963826
EXT00843	ryg029	F18	black	5	2.66905623208101	2.88857969846634	2.77881796527367	1.42052864689391
EXT00844	ryg029	F18	black	5	2.79764988736007	2.96978917202197	2.88371952969102	1.45677025109699
EXT00845	ryg029	F18	black	5	2.75385405225672	3.00811133954864	2.88098269590268	1.42590386324286
EXT00846	ryg029	F18	black	5	2.8571655101029	2.88585534382689	2.8715104269649	1.17037219957377
EXT00847	ryg029	F18	black	5	2.72616723869524	2.8460962858867	2.78613176229097	1.35557354245879
EXT00848	ryg029	F18	black	5	2.78576195571235	2.93481175211335	2.86028685391285	0.907973092231683
EXT00849	ryg029	F18	black	5	2.88280122418014	3.26889208875794	3.07584665646904	2.2612376037381
EXT00850	ryg029	F18	black	5	2.78003941479296	2.83297324321015	2.80650632900155	1.71163271645664
EXT00851	ryg029	F18	black	5	2.76362181119601	2.78094364189061	2.77228272654331	0
EXT00852	ryg029	F18	black	5	2.81404128124933	2.97613863439698	2.89508995782316	1.37999988458764
EXT00853	ryg029	F18	black	5	2.81977291947235	2.85439488385656	2.83708390166445	1.69635908926669
EXT00854	ryg029	F18	black	5	2.7855347392906	2.83120295607473	2.80836884768267	1.46843047189716
EXT00855	ryg029	F18	black	5	2.68851906674055	2.97547242154533	2.83199574414294	1.6329618268162
EXT00856	ryg029	F18	black	5	2.69597236858587	2.93983893243155	2.81790565050871	0.677558164523805
EXT00857	ryg029	F18	black	5	2.77342157125014	2.95606528851935	2.86474342988474	1.42564654315186
EXT00858	ryg029	F18	black	5	2.83315877844208	2.9293183085084	2.88123854347524	0
EXT00859	ryg029	F18	black	5	2.81161287938075	2.99444613829867	2.90302950883971	1.6769005742041
EXT00860	ryg029	F18	black	5	2.78478315726818	2.87601927372134	2.83040121549476	0.888445697994326
EXT00861	ryg029	F18	black	5	2.72108491767133	2.82848125279961	2.77478308523547	1.24078042506596
EXT00862	ryg029	F18	black	5	2.80828961135444	2.90251920913976	2.8554044102471	1.85575973645909
EXT00863	ryg029	F18	black	5	2.81017159604426	2.76394771729001	2.78705965666714	0.904048474529498
EXT00864	ryg029	F18	black	5	2.6756950960323	2.82851209888883	2.75210359746056	1.2728179865299
EXT00865	ryg029	F18	black	5	2.76686077916347	2.8832376580917	2.82504921862758	1.45764568769768
EXT00866	ryg029	F18	black	5	2.85593007786448	2.93507260652683	2.89550134219565	1.72754591132731
EXT00867	ryg029	F18	black	6	2.35070821357135	2.27112301817418	2.31091561587276	1.21584195058696
EXT00868	ryg029	F18	black	6	2.78441255157921	2.72864354572956	2.75652804865439	1.32200884535155
EXT00869	ryg029	F18	black	6	2.97412908500872	2.86795727556118	2.92104318028495	2.1400086837441
EXT00870	ryg029	F18	black	6	2.6594540271724	2.74370233865305	2.70157818291273	1.16564830682511
EXT00871	ryg029	F18	black	6	1.86225745680697	2.30509637562355	2.08367691621526	1.2210541122511
EXT00872	ryg029	F18	black	6	2.83646734891023	2.85783464603546	2.84715099747284	1.65570460052296
EXT00873	ryg029	F18	black	6	2.64020354190967	2.66450486627817	2.65235420409392	1.51563896993643
EXT00874	ryg029	F18	black	6	2.68434576677862	2.64300374994644	2.66367475836253	1.1334770371266
EXT00875	ryg029	F18	black	6	2.70166908282816	2.6371106925017	2.66938988766493	0
EXT00876	ryg029	F18	black	6	2.450821478419	2.44058940312001	2.4457054407695	0.971273088206464
EXT00877	ryg029	F18	black	6	2.71099187208311	2.67746277565121	2.69422732386716	1.43385792494918
EXT00878	ryg029	F18	black	6	2.68334701866219	2.71247525899465	2.69791113882842	0.921120397106076
EXT00879	ryg029	F18	black	6	2.74535927660655	2.79107209749992	2.76821568705324	0
EXT00880	ryg029	F18	black	6	2.64060491977305	2.76319153784198	2.70189822880752	1.47482849031106
EXT00881	ryg029	F18	black	6	2.70184128797628	2.69736007190014	2.69960067993821	1.3279536297818
EXT00882	ryg029	F18	black	6	2.80923312042933	2.79539301846482	2.80231306944708	1.43073180314525
EXT00883	ryg029	F18	black	6	2.77480826611746	2.83588223844185	2.80534525227965	1.17016629906373
EXT00884	ryg029	F18	black	6	2.22095664296272	2.41519270745998	2.31807467521135	1.84895215935444
EXT00885	ryg029	F18	black	6	2.78626046342666	2.72281502862485	2.75453774602575	1.2945931630933
EXT00886	ryg029	F18	black	6	2.66652561197965	2.73303822334341	2.69978191766153	1.45149496959471
EXT00887	ryg029	F18	black	6	2.75814226300109	2.71866398702916	2.73840312501513	0
EXT00888	ryg029	F18	black	6	2.57030267480907	2.28321732426041	2.42675999953474	1.74106675382772
EXT00889	ryg029	F18	black	6	2.66368860244507	2.51989000589913	2.5917893041721	1.25614673532246
EXT00890	ryg029	F18	black	6	2.72128971924162	2.77824682519045	2.74976827221603	1.39221315128378
EXT00891	ryg029	F18	black	6	2.68211720946897	2.69425315176602	2.6881851806175	1.35870006324478
EXT00892	ryg029	F18	black	6	2.62872937040649	2.55688877445549	2.59280907243099	1.28760098512099
EXT00893	ryg029	F18	black	6	1.73186109723891	2.0087407080416	1.87030090264025	1.17996840965543
EXT00894	ryg029	F18	black	6	2.56500946508808	2.56500946508808	2.56500946508808	0
EXT00895	ryg029	F18	black	6	2.75490361135397	2.70655208684801	2.73072784910099	1.09785509789919
EXT00896	ryg029	F18	black	6	2.49210789135669	2.41356857414328	2.45283823274999	1.47779287304272
EXT00897	ryg029	F18	black	6	2.09410036765729	2.06596086109582	2.08003061437656	1.29374925698643
EXT00898	ryg029	F18	black	6	2.71175573147227	2.54661111276201	2.62918342211714	1.82103447760387
EXT00899	ryg029	F18	black	6	2.69362994119739	2.60218108804464	2.64790551462101	1.59291569300143
EXT00900	ryg029	F18	black	6	1.68064241519482	2.04522494747663	1.86293368133573	1.58427399489577
EXT00901	ryg029	F18	black	6	2.5899412411404	2.60900844739139	2.5994748442659	1.69605441182643
EXT00902	ryg029	F18	black	6	2.75304973790198	2.62502843637771	2.68903908713985	0.883112594657174
EXT00903	ryg029	F18	black	6	2.80653287931158	2.67113286734497	2.73883287332828	1.26644046249909
EXT00904	ryg029	F18	black	6	2.71385384903172	2.60080698310386	2.65733041606779	1.28730348960678
EXT00905	ryg029	F18	black	6	2.56898529276926	2.48555890708984	2.52727209992955	1.28504700305685
EXT00906	ryg029	F18	black	6	2.72319377838419	2.78379899588882	2.75349638713651	1.70054303864396
EXT00907	ryg029	F18	black	6	2.59889379503644	2.66748433278588	2.63318906391116	1.54221406321799
EXT00908	ryg029	F18	black	6	2.72892942315798	2.78130109697957	2.75511526006877	1.66670642705626
EXT00909	ryg029	F18	black	6	2.76817569369755	2.60508541506521	2.68663055438138	1.13559752176949
EXT00910	ryg029	F18	black	6	2.45448960644902	2.35278131253117	2.4036354594901	1.36261591191683
EXT00911	ryg029	F18	black	6	2.79587087278929	2.80598722414146	2.80092904846537	1.17837560486266
EXT00912	ryg029	F18	black	6	2.7372710477984	2.71850097554697	2.72788601167269	1.81040128098437
EXT00913	ryg029	F18	black	6	1.45283334078459	1.26513495782249	1.35898414930354	1.45283334078459
EXT00914	ryg029	F18	black	6	2.74213793572925	2.6581606311102	2.70014928341972	1.33087191302281
EXT00915	ryg029	F18	black	6	2.76187986384799	2.73063150755251	2.74625568570025	1.47534865371038
EXT00916	ryg029	F18	black	6	2.71488258138847	2.65652708461555	2.68570483300201	0
EXT00917	ryg029	F18	black	6	2.75658609184268	2.87181329360774	2.81419969272521	1.4163497567148
EXT00918	ryg029	F18	black	6	2.74552791064604	2.77109949388981	2.75831370226792	0
EXT00919	ryg029	F18	black	6	2.69120940007219	2.7798196595511	2.73551452981164	1.63739815386655
EXT00920	ryg029	F18	black	6	2.64816688861091	2.61996221857156	2.63406455359123	0
EXT00921	ryg029	F18	black	6	2.38756224544227	2.4988541673437	2.44320820639299	1.74275581895207
EXT00922	ryg029	F18	black	6	2.6760551349865	2.74204975497695	2.70905244498173	1.61117312619954
EXT00923	ryg029	F18	black	6	2.59611590256875	2.50196329834115	2.54903960045495	1.38836376227861
EXT00924	ryg029	F18	black	6	2.71733167447407	2.71110973663976	2.71422070555691	1.33226067313368
EXT00925	ryg029	F18	black	6	2.77689810795277	2.70837561711092	2.74263686253184	1.48085253602442
EXT00926	ryg029	F18	black	6	2.6840256561968	2.61955484408605	2.65179025014143	1.41495810932836
EXT00927	ryg029	F18	black	6	2.67175153343678	2.72724581148177	2.69949867245928	1.65838151843402
EXT00928	ryg029	F18	black	6	2.83208267762239	2.83088235450636	2.83148251606438	1.37400172638189
EXT00929	ryg029	F18	black	6	1.31678234900791	1.66397946707051	1.49038090803921	1.31678234900791
EXT00930	ryg029	F18	black	6	2.71717286878695	2.80249060860257	2.75983173869476	1.12343886303653
EXT00931	ryg029	F18	black	6	1.94057424795636	2.24819267759635	2.09438346277635	1.20915040038097
EXT00932	ryg029	F18	black	6	1.59848787234638	2.20713014103598	1.90280900669118	1.27320757149065
EXT00933	ryg029	F18	black	6	2.59428010361855	2.76981830596193	2.68204920479024	1.31024701820969
EXT00934	ryg029	F18	black	6	2.67907060061235	2.7258069369736	2.70243876879297	1.41067680836493
EXT00935	ryg029	F18	black	6	2.65111076355937	2.69778496246953	2.67444786301445	0.924566358912003
EXT00936	ryg029	F18	black	6	2.81023622670106	2.70996467992698	2.76010045331402	1.3551446901973
EXT00937	ryg029	F18	black	6	2.74675886499674	2.68885687060423	2.71780786780049	0.866384099563869
EXT00938	ryg029	F18	black	6	2.81211071741568	2.63544408031349	2.72377739886458	1.63094616909615
EXT00939	ryg029	F18	black	6	2.7284458886502	2.69127539516023	2.70986064190521	0
EXT00940	ryg029	F18	black	6	2.73916751545526	2.68226190129338	2.71071470837432	1.44435942440537
EXT00941	ryg029	F18	black	6	2.76181660293871	2.77116582235514	2.76649121264693	0.934829332353198
EXT00942	ryg029	F18	black	6	2.167502288616	2.23213032836218	2.19981630848909	1.24067113131625
EXT00943	ryg029	F18	black	6	2.68447212576351	2.64189623743171	2.66318418159761	1.4809658524809
EXT00944	ryg029	F18	black	6	2.72086205863845	2.8009498385471	2.76090594859277	0.809065446126064
EXT00945	ryg029	F18	black	6	2.74208975788499	2.8258902840657	2.78399002097535	1.46900114698992
EXT00946	ryg029	F18	black	6	1.46229075523551	2.29667256013402	1.87948165768477	0
EXT00947	ryg029	F18	black	6	2.84928944879513	2.7941851229239	2.82173728585952	1.4250214248154
EXT00948	ryg029	F18	black	6	2.75962914280302	2.65005555763666	2.70484235021984	1.86525417952373
EXT00949	ryg029	F18	black	6	1.76152293743688	1.76152293743688	1.76152293743688	1.57566455689136
EXT00950	ryg029	F18	black	6	2.65829158876078	2.77341019109905	2.71585088992992	1.58495962986153
EXT00951	ryg029	F18	black	6	2.80580998314225	2.78619083908856	2.7960004111154	1.41948859721039
EXT00952	ryg029	F18	black	6	2.67386426088643	2.70966121567817	2.6917627382823	1.67174227246597
EXT00953	ryg029	F18	black	6	2.13141454231536	2.13141454231536	2.13141454231536	1.40603167949931
EXT00954	ryg029	F18	black	6	2.66074062967336	2.5323062284187	2.59652342904603	1.50788092146897
EXT00955	ryg029	F18	black	6	2.80278133375418	2.77864543121767	2.79071338248593	1.32856760197739
EXT00956	ryg029	F18	black	6	2.75208777597986	2.7259073952918	2.73899758563583	1.28020893716147
EXT00957	ryg029	F18	black	6	2.52851378251255	2.50263383067313	2.51557380659284	0
EXT00958	ryg029	F18	black	6	2.69108021441508	2.63591976075496	2.66349998758502	1.37699892026944
EXT00959	ryg029	F18	black	6	2.6078169576941	2.64484889819946	2.62633292794678	1.36762653604213
EXT00960	ryg029	F18	black	6	2.86899183291112	2.83035670892598	2.84967427091855	0.965540148939743
EXT00961	ryg029	F18	black	6	1.61443288091997	2.33682639973235	1.97562964032616	1.73395690220651
EXT00962	ryg029	F18	black	6	2.51853140763995	2.32754376804542	2.42303758784269	1.73860087959387
EXT00963	ryg029	F18	black	6	2.73511261398584	2.72943955318665	2.73227608358624	1.26770831606696
EXT00964	ryg029	F18	black	6	2.72619214849355	2.78128933972644	2.75374074410999	1.47564977541439
EXT00965	ryg029	F18	black	6	2.84250408459684	2.82504999284779	2.83377703872232	1.12925527875173
EXT00966	ryg029	F18	black	6	2.75102264583475	2.65520758113786	2.70311511348631	1.29018398879674
EXT00967	ryg029	F18	black	6	2.82535452995207	2.6957378967722	2.76054621336213	1.79534384300771
EXT00968	ryg029	F18	black	6	2.72832250924481	2.70244286511865	2.71538268718173	1.37172319270222
EXT00969	ryg029	F18	black	6	2.76679652266007	2.66748935704521	2.71714293985264	0
EXT00970	ryg029	F18	black	6	1.26154880960088	2.23718761046821	1.74936821003454	0.928775959570047
EXT00971	ryg029	F18	black	6	1.58389518913483	2.07059553150502	1.82724536031992	1.39354594704673
EXT00972	ryg029	F18	black	6	0	2.13170737274064	1.06585368637032	1.0806529955765
EXT00973	ryg029	F18	black	6	2.76564956966446	2.79704954498346	2.78134955732396	1.53324716009896
EXT00974	ryg029	F18	black	6	2.87089238194751	2.80609495528053	2.83849366861402	0.978226324046265
EXT00975	ryg029	F18	black	6	2.82459846668945	2.73919382069272	2.78189614369108	1.48369155958196
EXT00976	ryg029	F18	black	6	2.72492708698887	2.65883177736673	2.6918794321778	1.72494396198052
EXT00977	ryg029	F18	black	6	2.5223923603414	2.55210009253451	2.53724622643795	0.845452819235334
EXT00978	ryg029	F18	black	6	1.12568637702529	1.76816333565884	1.44692485634207	0
EXT00979	ryg029	F18	black	6	2.55626360752604	2.43314590191166	2.49470475471885	1.89419684954466
EXT00980	ryg029	F18	black	6	2.7692919233848	2.5583518786618	2.6638219010233	1.55853486991068
EXT00981	ryg029	F18	black	6	0	1.93296240011513	0.966481200057563	1.33607516576719
EXT00982	ryg029	F18	black	6	2.49675000261375	2.64664119527346	2.57169559894361	1.52810248041868
EXT00983	ryg029	F18	black	6	2.48469061561121	2.3977398542496	2.44121523493041	1.01777896084797
EXT00984	ryg029	F18	black	6	2.87332257817931	2.89932735731155	2.88632496774543	1.29315583778967
EXT00985	ryg029	F18	black	6	2.63095498878887	2.6753005369615	2.65312776287518	1.20876401478816
EXT00986	ryg029	F18	black	6	2.55676733106651	2.36873640886574	2.46275186996612	1.2704774522117
EXT00987	ryg029	F18	black	6	2.41180531857832	2.39747160308143	2.40463846082988	1.52278755467109
EXT00988	ryg029	F18	black	6	2.7735630659246	2.8805662973192	2.8270646816219	1.41418423318654
EXT00989	ryg029	F18	black	6	0	0	0	2.26046843733728
EXT00990	ryg029	F18	black	6	2.67733156777404	2.70165123040515	2.6894913990896	0
EXT00991	ryg029	F18	black	6	0	2.12277504458124	1.06138752229062	0
EXT00992	ryg029	F18	black	6	2.75210173299258	2.78382357201071	2.76796265250165	1.55653924149935
EXT00993	ryg029	F18	black	6	2.71451162209507	2.72282519973743	2.71866841091625	0.856851505200545
EXT00994	ryg029	F18	black	6	1.05710720424904	2.26890723143972	1.66300721784438	1.05710720424904
EXT00995	ryg029	F18	black	6	2.76591779155533	2.62683394521803	2.69637586838668	1.85243902917582
EXT00996	ryg029	F18	black	6	2.81228389328378	2.77848405424205	2.79538397376291	1.54197843032238
EXT00997	ryg029	F18	black	6	2.83943313804255	2.81088029410926	2.8251567160759	1.56354808259839
EXT00998	ryg029	F18	black	6	2.60236227955644	2.53754112835295	2.56995170395469	0
EXT00999	ryg029	F18	black	6	2.81630640988682	2.8583360391185	2.83732122450266	1.61175666975809
EXT01000	ryg029	F18	black	6	1.52449861791406	2.03066449683255	1.77758155737331	1.19562838950149
EXT01001	ryg029	F18	black	6	1.90589436064625	1.98367235664406	1.94478335864515	1.63762535237974
EXT01002	ryg029	F18	black	6	2.71343206753835	2.66462741387376	2.68902974070606	1.07857547430298
EXT01003	ryg029	F18	black	6	2.74139252282988	2.79395024277155	2.76767138280072	1.50187095555578
EXT01004	ryg029	F18	black	6	2.71710657630521	2.70305563038615	2.71008110334568	1.56098647267976
EXT01005	ryg029	F18	black	6	2.84281009912163	2.81842603051359	2.83061806481761	1.48150322493672
EXT01006	ryg029	F18	black	6	2.82289305980848	2.85408458244277	2.83848882112562	1.22134436286801
EXT01007	ryg029	F18	black	6	2.86032824121388	2.75827746870438	2.80930285495913	0
EXT01008	ryg029	F18	black	6	2.75967736013169	2.60475931924616	2.68221833968893	1.76554352314461
EXT01009	ryg029	F18	black	6	1.19631689954225	2.01803870899975	1.607177804271	0
EXT01010	ryg029	F18	black	6	2.68559082629661	2.70031759032933	2.69295420831297	1.32303919144886
EXT01011	ryg029	F18	black	6	0	2.08215272331778	1.04107636165889	1.85379088433019
EXT01012	ryg029	F18	black	6	2.17504961701384	2.32383662278735	2.24944311990059	1.72566907052884
EXT01013	ryg029	F18	black	6	1.0127023169973	1.94119912684094	1.47695072191912	1.53667087135696
EXT01014	ryg029	F18	black	6	2.41568875839164	2.27549398321508	2.34559137080336	1.61964389025068
EXT01015	ryg029	F18	black	6	2.714612174662	2.74085342645352	2.72773280055776	1.29637691523952
EXT01016	ryg029	F18	black	6	2.69143873996738	2.5656614269055	2.62855008343644	1.09626761055422
EXT01017	ryg029	F18	black	6	2.82333884513433	2.69945684499705	2.76139784506569	1.90575568228135
EXT01018	ryg029	F18	black	6	2.74071697815856	2.65835321446257	2.69953509631057	0
EXT01019	ryg029	F18	black	6	2.77378182002632	2.85352142389908	2.8136516219627	1.42614235234632
EXT01020	ryg029	F18	black	6	2.73374925573568	2.67255969147602	2.70315447360585	1.28951767606913
EXT01021	ryg029	F18	black	6	2.71227292052573	2.78010388854982	2.74618840453778	1.35492006763441
EXT01022	ryg029	F18	black	6	2.48970317828041	2.25330820779293	2.37150569303667	1.12459498345745
EXT01023	ryg029	F18	black	6	2.65936138342574	2.62245358146473	2.64090748244524	0
EXT01024	ryg029	F18	black	6	2.48521114596813	2.30617177214057	2.39569145905435	1.44887847118976
EXT01025	ryg029	F18	black	6	2.72017453393434	2.62484059716017	2.67250756554726	0.929167597959808
EXT01026	ryg029	F18	black	6	2.54648100977948	2.46029334946573	2.50338717962261	1.51345733432235
EXT01027	ryg029	F18	black	6	2.45974962489857	2.35361853899072	2.40668408194465	1.82879743116794
EXT01028	ryg029	F18	black	6	2.73497739604218	2.6310096584011	2.68299352722164	1.68513732686322
EXT01029	ryg029	F18	black	6	2.7429335768105	2.74171073396815	2.74232215538932	1.3165258556624
EXT01030	ryg029	F18	black	6	1.74045456482457	2.20809556714356	1.97427506598406	1.42419130947761
EXT01031	ryg029	F18	black	6	2.78769600012905	2.78941971473885	2.78855785743395	1.67040999200286
EXT01032	ryg029	F18	black	6	2.79562634087268	2.66215710333572	2.7288917221042	1.71547707170535
EXT01033	ryg029	F18	black	6	2.8311158426969	2.69975350497945	2.76543467383817	1.33626083274338
EXT01034	ryg029	F18	black	6	2.82953906954879	2.82777378095969	2.82865642525424	1.51735506116834
EXT01035	ryg029	F18	black	6	2.78751639817322	2.79194864908612	2.78973252362967	1.63961181819245
EXT01036	ryg029	F18	black	6	2.78146477189199	2.79708360454149	2.78927418821674	1.94498804770279
EXT01037	ryg029	F18	black	6	2.71401007612035	2.7730088476959	2.74350946190812	0
EXT01038	ryg029	F18	black	6	2.82455203689046	2.81361130587405	2.81908167138226	0
EXT01039	ryg029	F18	black	6	2.76519922702702	2.81057131110572	2.78788526906637	0.900168780005993
EXT01040	ryg029	F18	black	6	2.68590789287267	2.54981530115623	2.61786159701445	0
EXT01041	ryg029	F18	black	6	2.87723738623859	2.83438990792607	2.85581364708233	1.4683401704811
EXT01042	ryg029	F18	black	6	2.80053877426122	2.85097463436555	2.82575670431338	1.27294999472605
EXT01043	ryg029	F18	black	6	2.20788459596831	2.36918648110518	2.28853553853674	1.07043680078689
EXT01044	ryg029	F18	black	6	2.82352455825573	2.84996338541665	2.83674397183619	1.45951220345678
EXT01045	ryg029	F18	black	6	2.67157337500707	2.58920356437009	2.63038846968858	0
EXT01046	ryg029	F18	black	6	2.60456191341625	2.49782359796322	2.55119275568973	1.11340569198148
EXT01047	ryg029	F18	black	6	2.73286462062945	2.82393563298471	2.77840012680708	0.970780750994922
EXT01048	ryg029	F18	black	6	1.49425662512835	1.96474972136559	1.72950317324697	1.49425662512835
EXT01049	ryg029	F18	black	6	2.84029491840173	2.74433156411473	2.79231324125823	1.41718190182479
EXT01050	ryg029	F18	black	6	2.49065771296524	2.30282664883327	2.39674218089926	1.54823101397636
EXT01051	ryg029	F18	black	6	2.79071602435316	2.83207308399445	2.81139455417381	1.72030799730995
EXT01052	ryg029	F18	black	6	2.65355194379123	2.54131002048247	2.59743098213685	1.22829577258833
EXT01053	ryg029	F18	black	6	1.63928644081682	2.12016837583892	1.87972740832787	1.63928644081682
EXT01054	ryg029	F18	black	6	2.70341874777443	2.65124256686579	2.67733065732011	1.6984866826392
EXT01055	ryg029	F18	black	6	2.89657368189017	2.82421212637438	2.86039290413227	1.56595169906761
EXT01056	ryg029	F18	black	6	2.77345166014852	2.82377340383282	2.79861253199067	1.74258348236278
EXT01057	ryg029	F18	black	6	2.74152526875506	2.54363500114388	2.64258013494947	1.51583116355634
EXT01058	ryg029	F18	black	6	2.8669034970363	2.85633694536567	2.86162022120099	1.62592461274745
EXT01059	ryg029	F18	black	6	2.72506186247206	2.78404678269882	2.75455432258544	1.63686508067387
EXT01060	ryg029	F18	black	6	2.83619687283331	2.78581994406052	2.81100840844691	1.20066030889219
EXT01061	ryg029	F18	black	6	2.83404064809498	2.86804679282967	2.85104372046233	1.77725237408213
EXT01062	ryg029	F18	black	6	2.65858585908654	2.45068011412579	2.55463298660617	0.990477005409722
EXT01063	ryg029	F18	black	6	2.73306803597567	2.80670891321383	2.76988847459475	1.28860352985939
EXT01064	ryg029	F18	black	6	2.44093627906283	2.35273374139541	2.39683501022912	1.21651668665678
EXT01065	ryg029	F18	black	6	2.30474797211584	2.04719436827124	2.17597117019354	1.17081773263511
EXT01066	ryg029	F18	black	6	2.79329960854495	2.70895459692979	2.75112710273737	1.88353001303757
EXT01067	ryg029	F18	black	6	2.73894726993846	2.64123400415886	2.69009063704866	1.28572998740233
EXT01068	ryg029	F18	black	6	3.05116309849222	3.02968503051094	3.04042406450158	0
EXT01069	ryg029	F18	black	6	2.71346490678023	2.6018080863472	2.65763649656372	0
EXT01070	ryg029	F18	black	6	2.76395169981632	2.7555430889833	2.75974739439981	1.66391031474152
EXT01071	ryg029	F18	black	6	2.68935987714331	2.70953162348413	2.69944575031372	0.972886873524341
EXT01072	ryg029	F18	black	6	2.84088602054254	2.91533770010304	2.87811186032279	1.42392983974931
EXT01073	ryg029	F18	black	6	2.92484309791533	2.76244212549411	2.84364261170472	1.64653555642409
EXT01074	ryg029	F18	black	6	2.77714842418657	2.82500664785735	2.80107753602196	1.55321174435039
EXT01075	ryg029	F18	black	6	2.80281918486168	2.8211175033972	2.81196834412944	1.20832155080634
EXT01076	ryg029	F18	black	6	2.79939670879519	2.80700064256858	2.80319867568189	0
EXT01077	ryg029	F18	black	6	1.66080531643709	1.82975770293863	1.74528150968786	0
EXT01078	ryg029	F18	black	6	2.52359435177013	2.53177757811196	2.52768596494104	0
EXT01079	ryg029	F18	black	6	2.13690534365543	2.19761121565549	2.16725827965546	1.47600915074998
EXT01080	ryg029	F18	black	6	2.78554961149489	2.74290169721195	2.76422565435342	1.15613875133278
EXT01081	ryg029	F18	black	6	2.18563604750399	2.16628030294324	2.17595817522361	1.31726270787631
EXT01082	ryg029	F18	black	6	2.76846649674085	2.85148572610716	2.80997611142401	1.40442672997354
EXT01083	ryg029	F18	black	6	1.76559160326561	2.21496331696073	1.99027746011317	1.54765057017588
EXT01084	ryg029	F18	black	6	2.61310525577968	2.52984009397024	2.57147267487496	1.44327472678391
EXT01085	ryg029	F18	black	6	2.68081234476511	2.76723326750106	2.72402280613308	1.57926427771858
EXT01086	ryg029	F18	black	6	2.78052587649352	2.79478384044937	2.78765485847145	1.42940124502393
EXT01087	ryg029	F18	black	6	2.8537901359406	2.87946354674045	2.86662684134052	1.97161312480225
EXT01088	ryg029	F18	black	6	0.999405150615533	1.91950560437322	1.45945537749438	0
EXT01089	ryg029	F18	black	6	2.74199825370514	2.77542373187608	2.75871099279061	1.41334427282541
EXT01090	ryg029	F18	black	6	2.77708047172768	2.67285280654968	2.72496663913868	0.848440991054535
EXT01091	ryg029	F18	black	6	2.81469366911923	2.85859742486926	2.83664554699425	0
EXT01092	ryg029	F18	black	6	2.77301050458821	2.76790059704932	2.77045555081877	1.48706630014831
EXT01093	ryg029	F18	black	6	2.60788361114754	2.33624116779977	2.47206238947366	1.09426196169444
EXT01094	ryg029	F18	black	6	2.33418190068173	2.34450461464137	2.33934325766155	1.56181578309668
EXT01095	ryg029	F18	black	6	2.77526872041427	2.58855756575521	2.68191314308474	1.55027697265817
EXT01096	ryg029	F18	black	6	2.88213255355441	2.78989050080476	2.83601152717958	1.72564972179608
EXT01097	ryg029	F18	black	6	2.70912084842725	2.71387357981015	2.7114972141187	1.5141902203817
EXT01098	ryg029	F18	black	6	2.49357793647555	2.36830405835159	2.43094099741357	0.842051344654359
EXT01099	ryg029	F18	black	6	2.68396874590088	2.69135109064892	2.6876599182749	1.11104220451319
EXT01100	ryg029	F18	black	6	2.70519158593502	2.68517772835932	2.69518465714717	1.48686571070208
EXT01101	ryg029	F18	black	6	2.71091935276037	2.7704123073165	2.74066583003844	0
EXT01102	ryg029	F18	black	6	1.29929331360282	1.94631076526657	1.6228020394347	1.49010667381034
EXT01103	ryg029	F18	black	6	2.66492086787141	2.56594693482941	2.61543390135041	0
EXT01104	ryg029	F18	black	6	2.7910976294145	2.7630012542672	2.77704944184085	1.67404730481185
EXT01105	ryg029	F18	black	6	2.8442181652885	2.84500075287234	2.84460945908042	1.56908005687882
EXT01106	ryg029	F18	black	6	2.79541207144037	2.88646308016086	2.84093757580061	1.11286286963619
EXT01107	ryg029	F18	black	6	2.70731657287474	2.74771230888628	2.72751444088051	1.42617824419799
EXT01108	ryg029	F18	black	6	2.80127423686702	2.80683076396627	2.80405250041664	1.62866843006059
EXT01109	ryg029	F18	black	6	0	1.98199322649542	0.99099661324771	1.43814589454575
EXT01110	ryg029	F18	black	6	2.71135412651714	2.67918120584193	2.69526766617953	1.54972465936324
EXT01111	ryg029	F18	black	6	2.78191575885605	2.75541793922662	2.76866684904133	1.48526015483858
EXT01112	ryg029	F18	black	6	1.90882340961577	2.12537272310762	2.0170980663617	1.25883415252817
EXT01113	ryg029	F18	black	6	2.76260538166867	2.75743646851733	2.760020925093	1.48120058354489
EXT01114	ryg029	F18	black	6	1.61503549537167	1.97943708164405	1.79723628850786	1.29602000129436
EXT01115	ryg029	F18	black	6	0	1.97345950633611	0.986729753168055	1.29077784694546
EXT01116	ryg029	F18	black	6	2.75658945818142	2.76889931640606	2.76274438729374	1.66204740103115
EXT01117	ryg029	F18	black	6	1.47926812087649	2.21292199441905	1.84609505764777	1.28660248679643
EXT01118	ryg029	F18	black	6	2.5912420207674	2.44268215896984	2.51696208986862	1.33718999815644
EXT01119	ryg029	F18	black	6	2.72507010579531	2.50442907670817	2.61474959125174	1.40046519566523
EXT01120	ryg029	F18	black	6	2.22183045958335	2.14107279962667	2.18145162960501	1.33651051634324
EXT01121	ryg029	F18	black	6	2.81464713127754	2.81327548477519	2.81396130802637	1.46037949155055
EXT01122	ryg029	F18	black	6	2.70896045494368	2.72636428974024	2.71766237234196	1.41571631143497
EXT01123	ryg029	F18	black	6	2.76412461751071	2.78195052088536	2.77303756919804	1.36797192996322
EXT01124	ryg029	F18	black	6	2.7053331819613	2.76530559835468	2.73531939015799	1.91802983610119
EXT01125	ryg029	F18	black	6	0.980288042451989	2.0628754840587	1.52158176325534	1.31601917205
EXT01126	ryg035	F59	black	10	3.59740691178265	3.78684170680647	3.69212430929456	0
EXT01127	ryg035	F59	black	10	2.53980213552711	2.64865553276109	2.5942288341441	1.3585990628051
EXT01128	ryg035	F59	black	10	3.40525127452037	3.68526367168908	3.54525747310472	0
EXT01129	ryg035	F59	black	10	3.18293961086792	3.38373559804763	3.28333760445777	0
EXT01130	ryg035	F59	black	10	2.79242499309476	3.3679460091676	3.08018550113118	2.1334584158259
EXT01131	ryg035	F59	black	10	3.45123119053214	3.86340542966016	3.65731831009615	0
EXT01132	ryg035	F59	black	10	2.45512664408917	2.50656989266644	2.48084826837781	1.20221282526107
EXT01133	ryg035	F59	black	10	3.12985712983404	3.21146307745748	3.17066010364576	2.18704392179614
EXT01134	ryg035	F59	black	10	2.61454225749136	3.64296283372962	3.12875254561049	0
EXT01135	ryg035	F59	black	10	3.40593580584343	3.64850109655168	3.52721845119755	0
EXT01136	ryg035	F59	black	10	3.07063987307283	3.06416283583296	3.06740135445289	0
EXT01137	ryg035	F59	black	10	2.86191237618622	3.30944501637788	3.08567869628205	0
EXT01138	ryg035	F59	black	10	3.00345880131418	3.25830077600973	3.13087978866195	1.78484250064597
EXT01139	ryg035	F59	black	10	3.21480121252807	3.46947155846678	3.34213638549743	2.12544239255611
EXT01140	ryg035	F59	black	10	3.53047794349587	3.54545076832316	3.53796435590952	2.82545523654063
EXT01141	ryg035	F59	black	10	2.57457562075737	2.64071764608329	2.60764663342033	1.20815489302169
EXT01142	ryg035	F59	black	10	3.14337033516989	3.09607259999979	3.11972146758484	1.93289897602501
EXT01143	ryg035	F59	black	10	3.22477818234544	3.74348146913706	3.48412982574125	0
EXT01144	ryg035	F59	black	10	2.56468843138868	2.61939757926061	2.59204300532464	1.49823228026911
EXT01145	ryg035	F59	black	10	3.04717523118928	3.46504636689962	3.25611079904445	0
EXT01146	ryg035	F59	black	10	2.57968260931945	2.54105245900483	2.56036753416214	0
EXT01147	ryg035	F59	black	10	2.6777546398781	2.71061602238078	2.69418533112944	0
EXT01148	ryg035	F59	black	10	0	3.31416266482995	1.65708133241497	0
EXT01149	ryg035	F59	black	10	3.2335705014107	3.641769150664	3.43766982603735	0
EXT01150	ryg035	F59	black	10	3.46950671342814	3.64199305921752	3.55574988632283	0
EXT01151	ryg035	F59	black	10	3.5512648825381	3.76542420815706	3.65834454534758	2.80319649727301
EXT01152	ryg035	F59	black	10	3.46316868248661	3.61046166383389	3.53681517316025	0
EXT01153	ryg035	F59	black	10	3.20910504622461	3.78070521307857	3.49490512965159	0
EXT01154	ryg035	F59	black	10	2.62069522324432	2.63560262880647	2.62814892602539	1.3640776123752
EXT01155	ryg035	F59	black	10	3.26813094632204	3.07601763680791	3.17207429156498	0
EXT01156	ryg035	F59	black	10	3.17895513701645	3.40933027026413	3.29414270364029	0
EXT01157	ryg035	F59	black	10	2.98239327642001	3.69474791495519	3.3385705956876	0
EXT01158	ryg035	F59	black	10	3.53737436173	3.62791196369978	3.58264316271489	0
EXT01159	ryg035	F59	black	10	3.0397257340502	3.68385221808131	3.36178897606575	2.82803659032545
EXT01160	ryg035	F59	black	10	0	3.68556867119906	1.84278433559953	0
EXT01161	ryg035	F59	black	10	3.11668057785252	3.44542410665774	3.28105234225513	2.15840022691881
EXT01162	ryg035	F59	black	10	3.31584883154859	3.64245508638906	3.47915195896882	0
EXT01163	ryg035	F59	black	10	3.12790604533204	3.45302776992732	3.29046690762968	1.99056334051232
EXT01164	ryg035	F59	black	10	3.07954618038946	3.20078998734941	3.14016808386944	0
EXT01165	ryg035	F59	black	11	2.68322365291995	2.71300733582457	2.69811549437226	1.54011965700284
EXT01166	ryg035	F59	black	11	2.61720236857937	2.5731173952261	2.59515988190274	1.51502152004975
EXT01167	ryg035	F59	black	11	1.0735826314351	0.754667535181356	0.91412508330823	1.0735826314351
EXT01168	ryg035	F59	black	11	2.53765270767215	2.51260300541309	2.52512785654262	1.36369385535119
EXT01169	ryg035	F59	black	14	1.98627115083634	2.52826350242515	2.25726732663075	1.70122702520269
EXT01170	ryg035	F59	black	15	1.62086660568988	3.1409846170085	2.38092561134919	1.54633619885665
EXT01171	ryg035	F59	black	15	2.7442472039596	3.05591869019971	2.90008294707965	1.03810618250474
EXT01172	ryg035	F59	black	15	2.5907472617301	3.07257501235683	2.83166113704347	1.58316299356458
EXT01173	ryg035	F59	black	15	2.52400503812237	3.09722640662143	2.8106157223719	1.37221035657246
EXT01174	ryg035	F59	black	5	2.98838898024413	3.08564159928405	3.03701528976409	1.666657391925
EXT01175	ryg035	F59	black	5	2.87115144902563	2.98234737738389	2.92674941320476	1.45595386167156
EXT01176	ryg035	F59	black	5	2.86598151883974	2.95815853335479	2.91207002609727	1.75379872291799
EXT01177	ryg035	F59	black	5	2.86218120659171	2.94233052187783	2.90225586423477	1.47441581699546
EXT01178	ryg035	F59	black	5	2.67345725955448	2.77017508826277	2.72181617390863	0.997759045620031
EXT01179	ryg035	F59	black	5	2.91987011718428	3.00081359156834	2.96034185437631	0
EXT01180	ryg035	F59	black	5	2.84853439844754	2.88459975079752	2.86656707462253	1.57049817718154
EXT01181	ryg035	F59	black	5	2.77480954966509	2.99141910033786	2.88311432500147	1.61903207343212
EXT01182	ryg035	F59	black	5	2.79069040551232	2.92638401365151	2.85853720958192	1.19591200150731
EXT01183	ryg035	F59	black	5	2.82056434657238	2.90622579116402	2.8633950688682	1.77020711148076
EXT01184	ryg035	F59	black	5	2.66909318338783	2.9730125857361	2.82105288456196	1.19900495103912
EXT01185	ryg035	F59	black	5	2.79989777518778	2.9266045084948	2.86325114184129	1.61276126330964
EXT01186	ryg035	F59	black	5	2.98196880437466	2.94749118569602	2.96472999503534	0
EXT01187	ryg035	F59	black	5	2.77735212929994	2.86529070256016	2.82132141593005	1.57654045943907
EXT01188	ryg035	F59	black	5	2.89482820807863	3.037473496462	2.96615085227031	1.85548955404817
EXT01189	ryg035	F59	black	5	2.8843020152236	3.0443406873985	2.96432135131105	1.59289193670145
EXT01190	ryg035	F59	black	5	2.86302745771129	2.96284381084004	2.91293563427566	1.43919726472192
EXT01191	ryg035	F59	black	5	2.86248994437405	3.00431108408576	2.9334005142299	0
EXT01192	ryg035	F59	black	5	2.7828267321249	2.85180473668609	2.81731573440549	0
EXT01193	ryg035	F59	black	5	2.85589349801244	2.99657325875546	2.92623337838395	1.57439491807537
EXT01194	ryg035	F59	black	5	2.88902186963228	2.91941765922007	2.90421976442617	1.57695513122365
EXT01195	ryg035	F59	black	5	2.88343495168522	2.98454236247303	2.93398865707912	0
EXT01196	ryg035	F59	black	5	2.54095583331516	2.97440809111876	2.75768196221696	1.60533145299713
EXT01197	ryg035	F59	black	5	2.72519369957947	3.02833369558914	2.8767636975843	1.49648758460199
EXT01198	ryg035	F59	black	5	2.80991113230915	2.93172464940355	2.87081789085635	0.808193380585207
EXT01199	ryg035	F59	black	5	2.86362131302176	2.97474146826219	2.91918139064197	1.2407388960465
EXT01200	ryg035	F59	black	5	2.85238907804122	2.92944608396647	2.89091758100384	1.49489688973649
EXT01201	ryg035	F59	black	5	2.8426481298501	2.98128649787624	2.91196731386317	1.40745748347974
EXT01202	ryg035	F59	black	5	2.80716224059952	2.94969270360714	2.87842747210333	1.43440496599431
EXT01203	ryg035	F59	black	5	2.76551435319246	2.92233192660475	2.84392313989861	1.31799234682378
EXT01204	ryg035	F59	black	5	2.92925468160037	3.04420134882206	2.98672801521122	0
EXT01205	ryg035	F59	black	5	2.886541486888	3.02993863365896	2.95824006027348	1.37713806682793
EXT01206	ryg035	F59	black	5	2.79499215050385	3.00563582584234	2.9003139881731	1.49110318855843
EXT01207	ryg035	F59	black	5	2.75608303752522	2.8794895189367	2.81778627823096	1.6230668078848
EXT01208	ryg035	F59	black	5	2.87414519252689	2.97669298600328	2.92541908926509	1.31413644080624
EXT01209	ryg035	F59	black	5	2.85060092434729	2.97543516013368	2.91301804224049	1.63302153597224
EXT01210	ryg035	F59	black	5	2.76519568992154	2.90672881023349	2.83596225007752	1.32110078034409
EXT01211	ryg035	F59	black	5	2.79508503076218	3.02489861310456	2.90999182193337	1.49534203955041
EXT01212	ryg035	F59	black	5	2.97294091724099	3.11702588455561	3.0449834008983	1.47323113619472
EXT01213	ryg035	F59	black	5	3.04284592158114	3.08698160234246	3.0649137619618	1.72202557640355
EXT01214	ryg035	F59	black	5	2.94454641006767	2.99415951494922	2.96935296250844	1.12841636452441
EXT01215	ryg035	F59	black	5	2.88412392576778	2.98688207403991	2.93550299990384	1.49038638406706
EXT01216	ryg035	F59	black	5	2.85097071157191	2.99989361437423	2.92543216297307	0
EXT01217	ryg035	F59	black	5	2.90231355050372	3.03412369752573	2.96821862401472	1.34801679861188
EXT01218	ryg035	F59	black	5	2.87060808125295	2.94800481413841	2.90930644769568	1.49902465562259
EXT01219	ryg035	F59	black	5	2.77917036868756	3.00430544097068	2.89173790482912	1.37500930970622
EXT01220	ryg035	F59	black	5	2.84840456045269	2.93521909406955	2.89181182726112	1.32612805113962
EXT01221	ryg035	F59	black	5	2.74783296158347	2.89851303458722	2.82317299808535	1.50780111085145
EXT01222	ryg035	F59	black	5	2.86919228235199	3.09499945757701	2.9820958699645	1.35564040621977
EXT01223	ryg035	F59	black	5	2.86911079863306	3.0108367928333	2.93997379573318	1.73393218853985
EXT01224	ryg035	F59	black	5	2.7684367237567	2.97096097617057	2.86969884996364	1.61291547967297
EXT01225	ryg035	F59	black	5	2.87230950114973	2.98457297159763	2.92844123637368	1.63411612366756
EXT01226	ryg035	F59	black	5	2.80617809040853	2.9473438834587	2.87676098693361	1.51710916814561
EXT01227	ryg035	F59	black	5	2.84652654067834	2.96718346209194	2.90685500138514	1.68402041369798
EXT01228	ryg035	F59	black	5	2.77435807605817	2.93825442654576	2.85630625130196	1.39846203142551
EXT01229	ryg035	F59	black	5	2.75488494301515	3.01822667545459	2.88655580923487	1.5941793939058
EXT01230	ryg035	F59	black	5	2.90465032985139	3.10205692443879	3.00335362714509	1.65361329924708
EXT01231	ryg035	F59	black	5	2.79438224345806	3.06361781707241	2.92900003026524	1.66700037336541
EXT01232	ryg035	F59	black	5	2.77838858831529	2.95919317442813	2.86879088137171	1.61222297372018
EXT01233	ryg035	F59	black	5	2.73096219627699	2.98205415466027	2.85650817546863	1.5657250460618
EXT01234	ryg035	F59	black	5	2.84945765867651	3.00133114651399	2.92539440259525	0.75919498563545
EXT01235	ryg035	F59	black	5	2.82025051418045	2.88855795086847	2.85440423252446	1.66831491334216
EXT01236	ryg035	F59	black	5	2.84600511886503	2.94650910584138	2.8962571123532	1.00030143146722
EXT01237	ryg035	F59	black	5	2.8437231267028	3.04261810463294	2.94317061566787	1.20615951308367
EXT01238	ryg035	F59	black	5	2.79098003646653	2.98955029761027	2.8902651670384	1.63519404444224
EXT01239	ryg035	F59	black	5	2.88544348583283	3.02670576513192	2.95607462548237	1.08121906140879
EXT01240	ryg035	F59	black	5	2.84405290728135	3.01382408324169	2.92893849526152	1.50480136593539
EXT01241	ryg035	F59	black	5	2.75408909541137	2.87328983558927	2.81368946550032	1.47247942881124
EXT01242	ryg035	F59	black	5	2.78534355281468	3.01642467071903	2.90088411176685	1.69183320357592
EXT01243	ryg035	F59	black	5	2.82864067552708	2.97342559171397	2.90103313362052	1.5085607600075
EXT01244	ryg035	F59	black	5	2.88531125047134	3.00445296387182	2.94488210717158	1.00184942843246
EXT01245	ryg035	F59	black	5	2.68949743079226	2.8634787190578	2.77648807492503	1.54035253068649
EXT01246	ryg035	F59	black	6	2.75301674835286	2.81192590440136	2.78247132637711	0.882856397765489
EXT01247	ryg035	F59	black	6	2.86272372588344	2.81965554005485	2.84118963296915	0
EXT01248	ryg035	F59	black	6	2.83196482179309	2.84691024909027	2.83943753544168	1.29070941128369
EXT01249	ryg035	F59	black	6	2.4273680678637	2.39774384819542	2.41255595802956	1.32287181598357
EXT01250	ryg035	F59	black	6	2.83744570199916	2.89698339359663	2.86721454779789	1.57684587053483
EXT01251	ryg035	F59	black	6	2.76394938823687	2.77711664633858	2.77053301728772	1.51949234057028
EXT01252	ryg035	F59	black	6	2.75080894522518	2.78079409125375	2.76580151823947	1.44106917451771
EXT01253	ryg035	F59	black	6	2.42109212146726	2.43526091071685	2.42817651609205	1.76248210786183
EXT01254	ryg035	F59	black	6	2.82777295505861	2.85240238476781	2.84008766991321	1.1363156198864
EXT01255	ryg035	F59	black	6	2.79419798785085	2.87990153945855	2.8370497636547	1.11325736866169
EXT01256	ryg035	F59	black	6	2.77061993144286	2.81114800767128	2.79088396955707	1.46614709989998
EXT01257	ryg035	F59	black	6	2.75371041241212	2.71529629581075	2.73450335411143	0.861081991791491
EXT01258	ryg035	F59	black	6	2.83313641852245	2.90469631566229	2.86891636709237	0.984855415678777
EXT01259	ryg035	F59	black	6	2.82107320284444	2.81035837887512	2.81571579085978	1.16865890578881
EXT01260	ryg035	F59	black	6	2.77730809889097	2.75143349172349	2.76437079530723	1.47792496409922
EXT01261	ryg035	F59	black	6	2.05297911390568	2.32819579329696	2.19058745360132	1.26786504590139
EXT01262	ryg035	F59	black	6	2.8393724540831	2.64882162132133	2.74409703770221	1.19587670635339
EXT01263	ryg035	F59	black	6	2.74829821856869	2.82777685347442	2.78803753602156	1.49187633860788
EXT01264	ryg035	F59	black	6	2.74011972396547	2.76419838975667	2.75215905686107	0
EXT01265	ryg035	F59	black	6	2.8800888154583	2.95896953920796	2.91952917733313	1.42514154441436
EXT01266	ryg035	F59	black	6	2.86816227960124	2.82035762659753	2.84425995309938	1.25276355313484
EXT01267	ryg035	F59	black	6	2.79441602671809	2.90718479754895	2.85080041213352	1.34404529625139
EXT01268	ryg035	F59	black	6	2.58543517801347	2.57788958377459	2.58166238089403	0.933861141058127
EXT01269	ryg035	F59	black	6	2.72995920226013	2.75705686378713	2.74350803302363	0
EXT01270	ryg035	F59	black	6	2.8585645842393	2.84431125802831	2.85143792113381	1.32068093928992
EXT01271	ryg035	F59	black	6	1.43228892907266	2.31939361482511	1.87584127194888	1.56124467625873
EXT01272	ryg035	F59	black	6	2.83815445978953	2.90526303986225	2.87170874982589	1.46784739800277
EXT01273	ryg035	F59	black	6	2.88772410467329	2.90119231805847	2.89445821136588	0.775580833707568
EXT01274	ryg035	F59	black	6	2.78622030917001	2.89704044911538	2.8416303791427	0.804924492432762
EXT01275	ryg035	F59	black	6	2.93473786870805	2.93648353414139	2.93561070142472	1.43241004781433
EXT01276	ryg035	F59	black	6	2.2622814714912	2.35341979265668	2.30785063207394	1.73887148272829
EXT01277	ryg035	F59	black	6	2.73283605791374	2.65182108546191	2.69232857168782	1.23119988091808
EXT01278	ryg035	F59	black	6	2.87824827970829	2.90372246291464	2.89098537131146	1.58565154708487
EXT01279	ryg047	F31	black	10	3.2167382954799	3.2167382954799	3.2167382954799	0
EXT01280	ryg047	F31	black	10	2.90650226820401	3.05644134296068	2.98147180558235	0
EXT01281	ryg047	F31	black	10	3.38764157996339	3.27309969596553	3.33037063796446	0
EXT01282	ryg047	F31	black	10	2.71019028205634	3.63605182733917	3.17312105469775	0
EXT01283	ryg047	F31	black	10	3.21948336346633	3.41523335121948	3.3173583573429	0
EXT01284	ryg047	F31	black	10	2.5273444944226	2.53301461245468	2.53017955343864	0.813907801785504
EXT01285	ryg047	F31	black	10	0	3.59450521407045	1.79725260703523	0
EXT01286	ryg047	F31	black	10	2.45334273291801	2.93057456776516	2.69195865034159	0
EXT01287	ryg047	F31	black	10	0	0	0	0
EXT01288	ryg047	F31	black	10	3.21508907764147	3.49746590792843	3.35627749278495	2.87725323493078
EXT01289	ryg047	F31	black	10	0	2.8231599318092	1.4115799659046	0
EXT01290	ryg047	F31	black	10	2.6443414233606	2.62714519004545	2.63574330670303	0
EXT01291	ryg047	F31	black	10	3.09648946521557	3.6893084353505	3.39289895028303	0
EXT01292	ryg047	F31	black	10	2.3705976995832	2.45062344483658	2.41061057220989	1.22334154531216
EXT01293	ryg047	F31	black	10	3.47031083699501	2.98034048174469	3.22532565936985	2.74927544372734
EXT01294	ryg047	F31	black	10	3.17227860098311	3.30647097731448	3.2393747891488	0
EXT01295	ryg047	F31	black	10	3.14953979734187	3.03689608685825	3.09321794210006	0
EXT01296	ryg047	F31	black	10	3.10055729223198	2.63260619693438	2.86658174458318	0
EXT01297	ryg047	F31	black	10	3.0592905116617	3.19730288227015	3.12829669696593	0
EXT01298	ryg047	F31	black	10	2.40872858074708	2.56894592280078	2.48883725177393	1.47741615748308
EXT01299	ryg047	F31	black	10	3.62514482982502	3.55813858713072	3.59164170847787	0
EXT01300	ryg047	F31	black	10	3.47911941421465	3.43925855849349	3.45918898635407	0
EXT01301	ryg047	F31	black	10	3.33012158276274	3.39923584617031	3.36467871446652	0
EXT01302	ryg047	F31	black	10	3.38131094822883	3.22705225273306	3.30418160048095	0
EXT01303	ryg047	F31	black	10	2.66851513825201	0	1.334257569126	0
EXT01304	ryg047	F31	black	10	2.89983367714525	0	1.44991683857263	2.89983367714525
EXT01305	ryg047	F31	black	10	2.35418387228335	2.47345250908057	2.41381819068196	1.37545350202498
EXT01306	ryg047	F31	black	10	3.24596791363653	3.31478516689288	3.2803765402647	2.73668901482772
EXT01307	ryg047	F31	black	10	2.46071601417039	3.67211853586496	3.06641727501767	2.46071601417039
EXT01308	ryg047	F31	black	10	2.83957825920307	2.83957825920307	2.83957825920307	2.15480380369645
EXT01309	ryg047	F31	black	10	3.0026886600932	2.97724960867198	2.98996913438259	0
EXT01310	ryg047	F31	black	10	3.15738125488118	0	1.57869062744059	0
EXT01311	ryg047	F31	black	10	0	3.11203110305962	1.55601555152981	0
EXT01312	ryg047	F31	black	10	2.38465819072019	2.33722558201372	2.36094188636695	1.40923060523812
EXT01313	ryg047	F31	black	10	3.38129675670082	3.22748787117655	3.30439231393868	0
EXT01314	ryg047	F31	black	10	3.13012551256066	3.21253540925187	3.17133046090627	2.45760739863419
EXT01315	ryg047	F31	black	10	3.48999129718646	3.33049310654167	3.41024220186407	0
EXT01316	ryg047	F31	black	10	3.35758576225077	3.45562861043659	3.40660718634368	0
EXT01317	ryg047	F31	black	10	2.63328463215119	2.63328463215119	2.63328463215119	2.48925881755687
EXT01318	ryg047	F31	black	10	2.5942243442983	2.61452778818454	2.60437606624142	1.45279290075568
EXT01319	ryg047	F31	black	10	2.49659530457489	2.47583178985686	2.48621354721588	1.17166843267949
EXT01320	ryg047	F31	black	10	2.541820612544	2.59668895408702	2.56925478331551	1.27406077181579
EXT01321	ryg047	F31	black	10	3.32518106157203	3.58321772649639	3.45419939403421	0
EXT01322	ryg047	F31	black	10	3.18456193068174	3.15623367856983	3.17039780462578	2.03827599073693
EXT01323	ryg047	F31	black	10	3.31462896578856	3.31462896578856	3.31462896578856	0
EXT01324	ryg047	F31	black	10	3.33160345246969	3.38300619408564	3.35730482327766	0
EXT01325	ryg047	F31	black	10	3.33948449049934	0	1.66974224524967	0
EXT01326	ryg047	F31	black	10	3.26617565222726	3.6112666668055	3.43872115951638	0
EXT01327	ryg047	F31	black	10	2.61658160089379	2.41095561478642	2.51376860784011	1.33927158202282
EXT01328	ryg047	F31	black	10	3.19038111861972	3.22134713189114	3.20586412525543	0
EXT01329	ryg047	F31	black	10	2.22048109547417	3.28585968285896	2.75317038916657	0
EXT01330	ryg047	F31	black	10	2.37539172615581	3.50646609881867	2.94092891248724	0
EXT01331	ryg047	F31	black	10	2.41994379455663	2.54375548437683	2.48184963946673	0
EXT01332	ryg047	F31	black	10	3.35418861218789	3.36834129165706	3.36126495192248	2.60881871208943
EXT01333	ryg047	F31	black	10	3.22503554573988	3.11650951138419	3.17077252856203	0
EXT01334	ryg047	F31	black	10	3.3145142204198	3.16711772870064	3.24081597456022	2.51060161360678
EXT01335	ryg047	F31	black	10	3.13750116136729	3.23997912196177	3.18874014166453	0
EXT01336	ryg047	F31	black	10	1.75420675789138	0	0.877103378945688	2.11577464671594
EXT01337	ryg047	F31	black	10	2.61486816074384	2.61861810482072	2.61674313278228	1.07502185591028
EXT01338	ryg047	F31	black	10	3.02963337353497	3.24469125600063	3.1371623147678	0
EXT01339	ryg047	F31	black	10	3.31763759365246	3.47258368971485	3.39511064168365	0
EXT01340	ryg047	F31	black	10	2.94184338545931	2.88479064671952	2.91331701608941	0
EXT01341	ryg047	F31	black	10	2.86180612571423	2.72975544518997	2.7957807854521	1.91243807480015
EXT01342	ryg047	F31	black	10	3.34867875057858	3.19858429535713	3.27363152296786	0
EXT01343	ryg047	F31	black	10	3.29154083791227	3.07737280638945	3.18445682215086	2.72488188144046
EXT01344	ryg047	F31	black	10	3.57219817958855	3.43456281596092	3.50338049777473	0
EXT01345	ryg047	F31	black	10	3.15141478730892	3.22855261277642	3.18998370004267	0
EXT01346	ryg047	F31	black	10	3.21960165255619	3.42396769954033	3.32178467604826	0
EXT01347	ryg047	F31	black	10	2.68008057419804	2.63111369657662	2.65559713538733	1.33561717114029
EXT01348	ryg047	F31	black	10	2.32489334679767	2.32489334679767	2.32489334679767	1.61488059687861
EXT01349	ryg047	F31	black	10	3.13187339033852	3.29195869804275	3.21191604419063	0
EXT01350	ryg047	F31	black	10	2.53888471665514	1.71765650648406	2.1282706115696	1.71765650648406
EXT01351	ryg047	F31	black	10	3.55296343220922	3.55296343220922	3.55296343220922	0
EXT01352	ryg047	F31	black	10	3.08923849690291	2.78583424163812	2.93753636927051	2.13075425488385
EXT01353	ryg047	F31	black	10	2.98574118572793	3.01891518836005	3.00232818704399	0
EXT01354	ryg047	F31	black	10	0	0	0	0
EXT01355	ryg047	F31	black	10	2.88218808941215	3.01620257023879	2.94919532982547	0
EXT01356	ryg047	F31	black	10	3.16060356891204	3.36086775288244	3.26073566089724	0
EXT01357	ryg047	F31	black	10	2.81495872347462	3.01338000579674	2.91416936463568	2.57857751243938
EXT01358	ryg047	F31	black	10	2.47522696519987	2.40903973876647	2.44213335198317	1.54907699554533
EXT01359	ryg047	F31	black	10	3.46206689782299	3.37760042641658	3.41983366211978	0
EXT01360	ryg047	F31	black	10	3.38122604577018	3.30104578382598	3.34113591479808	2.30690242998075
EXT01361	ryg047	F31	black	10	2.57597399686786	2.53397923835801	2.55497661761293	1.17272345365002
EXT01362	ryg047	F31	black	10	3.02838357144107	2.52429317193478	2.77633837168793	2.2602201496204
EXT01363	ryg047	F31	black	10	2.99138159936297	2.99138159936297	2.99138159936297	0
EXT01364	ryg047	F31	black	10	0	0	0	0
EXT01365	ryg047	F31	black	10	2.73712455202356	2.72634365195072	2.73173410198714	1.58428623390874
EXT01366	ryg047	F31	black	10	2.49301683428855	2.60773160362005	2.5503742189543	1.16749546463892
EXT01367	ryg047	F31	black	10	2.75621284313353	2.72507536072312	2.74064410192832	1.761039826525
EXT01368	ryg047	F31	black	10	2.51376437776016	2.56529679227392	2.53953058501704	0.857377359556891
EXT01369	ryg047	F31	black	10	3.18611546094293	2.76994110721485	2.97802828407889	2.76994110721485
EXT01370	ryg047	F31	black	10	2.55945237769297	3.47095586075648	3.01520411922473	0
EXT01371	ryg047	F31	black	10	3.37977785525289	3.37977785525289	3.37977785525289	0
EXT01372	ryg047	F31	black	10	2.11319840379019	3.37762180335054	2.74541010357037	1.77437825437169
EXT01373	ryg047	F31	black	10	3.07048111896777	3.62792328616641	3.34920220256709	0
EXT01374	ryg047	F31	black	10	2.64502787065237	2.57832107112803	2.6116744708902	1.00503271085336
EXT01375	ryg047	F31	black	10	2.40590262815869	3.27696736130943	2.84143499473406	2.1375691197749
EXT01376	ryg047	F31	black	10	2.39735165248329	2.30920899572306	2.35328032410318	1.24141397211686
EXT01377	ryg047	F31	black	10	3.23135933066834	3.18096567933507	3.2061625050017	0
EXT01378	ryg047	F31	black	10	2.31340019412713	2.37089308941429	2.34214664177071	1.64522594626218
EXT01379	ryg047	F31	black	10	2.31360531756177	2.64009829022664	2.4768518038942	1.40026012570301
EXT01380	ryg047	F31	black	10	3.11540167364719	3.20913076541578	3.16226621953148	2.25796895019884
EXT01381	ryg047	F31	black	10	2.42265135295541	2.27579492571576	2.34922313933558	0.793929786211112
EXT01382	ryg047	F31	black	10	0	2.87670186310656	1.43835093155328	0
EXT01383	ryg047	F31	black	10	2.93192420710162	2.93192420710162	2.93192420710162	0
EXT01384	ryg047	F31	black	10	3.39193805049117	3.26643956234587	3.32918880641852	0
EXT01385	ryg047	F31	black	10	2.73872525216126	2.62072867974284	2.67972696595205	1.53773922495878
EXT01386	ryg047	F31	black	10	3.39478389248597	3.6641862966042	3.52948509454508	2.92509741473127
EXT01387	ryg047	F31	black	10	2.52627514886789	2.76545481437762	2.64586498162275	1.72858396934671
EXT01388	ryg047	F31	black	10	3.43408603737249	3.35083552346868	3.39246078042059	0
EXT01389	ryg047	F31	black	10	3.15415196847748	3.22306233060792	3.1886071495427	2.51544022765193
EXT01390	ryg047	F31	black	10	2.82783662799274	0	1.41391831399637	2.37604421727532
EXT01391	ryg047	F31	black	10	3.2690839196688	3.1837056410106	3.2263947803397	2.19687704451329
EXT01392	ryg047	F31	black	10	2.28653153219695	2.29977489733656	2.29315321476676	1.22366262659012
EXT01393	ryg047	F31	black	10	3.44433389923775	3.49701980928557	3.47067685426166	0
EXT01394	ryg047	F31	black	10	3.29065453186596	3.23584647937692	3.26325050562144	2.82077984536115
EXT01395	ryg047	F31	black	10	2.36299663187093	2.36299663187093	2.36299663187093	1.11786581630219
EXT01396	ryg047	F31	black	10	2.52361946189375	2.79597198009581	2.65979572099478	0
EXT01397	ryg047	F31	black	10	2.88338082267927	3.46287642645367	3.17312862456647	0
EXT01398	ryg047	F31	black	10	2.38740239199086	3.27344361172554	2.8304230018582	1.77827799423471
EXT01399	ryg047	F31	black	10	2.35776691839517	2.41753603996743	2.3876514791813	1.25857434032594
EXT01400	ryg047	F31	black	10	3.13193193007996	3.33413299026076	3.23303246017036	0
EXT01401	ryg047	F31	black	10	3.10033721234923	3.27890068912546	3.18961895073734	0
EXT01402	ryg047	F31	black	10	2.90841778712012	3.47213588870525	3.19027683791268	0
EXT01403	ryg047	F31	black	10	2.44444876824467	2.52054036107699	2.48249456466083	1.3850780507193
EXT01404	ryg047	F31	black	10	3.05177700262646	3.48949323303771	3.27063511783208	0
EXT01405	ryg047	F31	black	10	3.21725560268215	3.45037370946965	3.3338146560759	0
EXT01406	ryg047	F31	black	10	2.50163679555245	2.52491957748524	2.51327818651885	1.48751030064185
EXT01407	ryg047	F31	black	10	3.04056429524338	3.30328577894233	3.17192503709286	0
EXT01408	ryg047	F31	black	10	3.24839871808346	3.57155264184571	3.40997567996459	0
EXT01409	ryg047	F31	black	10	3.15078007972523	3.40322833424964	3.27700420698744	0
EXT01410	ryg047	F31	black	10	3.25878559885314	3.20006784853961	3.22942672369638	0
EXT01411	ryg047	F31	black	10	2.78137109215051	3.24150862095271	3.01143985655161	1.51251148967112
EXT01412	ryg047	F31	black	10	2.703097385103	3.04931524896818	2.87620631703559	0
EXT01413	ryg047	F31	black	10	3.30420068992503	3.5195096744472	3.41185518218611	0
EXT01414	ryg047	F31	black	10	3.47120255463367	3.39598289594252	3.4335927252881	0
EXT01415	ryg047	F31	black	10	3.27601454949349	3.38798393319249	3.33199924134299	2.81609660849015
EXT01416	ryg047	F31	black	10	3.37154593668327	3.44785244448851	3.40969919058589	0
EXT01417	ryg047	F31	black	10	3.12237779051674	3.30469554542498	3.21353666797086	0
EXT01418	ryg047	F31	black	10	2.32012286582157	2.32012286582157	2.32012286582157	0
EXT01419	ryg047	F31	black	10	2.69310940899987	2.71482078826017	2.70396509863002	1.41796740117725
EXT01420	ryg047	F31	black	10	2.68530723657414	2.56667228331005	2.6259897599421	0
EXT01421	ryg047	F31	black	10	2.49968087324875	2.60232890725258	2.55100489025066	1.48446549593275
EXT01422	ryg047	F31	black	10	2.61236723493429	3.17291498399589	2.89264110946509	0
EXT01423	ryg047	F31	black	10	2.87259118491608	3.22172339231351	3.0471572886148	0
EXT01424	ryg047	F31	black	10	2.12082784248949	2.77297921095797	2.44690352672373	0
EXT01425	ryg047	F31	black	10	2.46410428442174	2.35725085909133	2.41067757175653	1.32261164989289
EXT01426	ryg047	F31	black	10	3.0680570711627	3.1318166141895	3.0999368426761	2.29521584196486
EXT01427	ryg047	F31	black	10	2.42858133642518	2.57303837256478	2.50080985449498	0.907458684535225
EXT01428	ryg047	F31	black	10	3.56334540361711	3.52633082754977	3.54483811558344	0
EXT01429	ryg047	F31	black	10	2.41871026241559	1.93258107892151	2.17564567066855	1.84327613941164
EXT01430	ryg047	F31	black	10	3.26460213116545	3.54249765978115	3.4035498954733	0
EXT01431	ryg047	F31	black	10	2.86336524891391	3.36489247785761	3.11412886338576	0
EXT01432	ryg047	F31	black	10	2.79435464589543	2.79435464589543	2.79435464589543	0
EXT01433	ryg047	F31	black	10	3.30113279855114	3.30113279855114	3.30113279855114	0
EXT01434	ryg047	F31	black	10	3.49363000713872	3.47368447544952	3.48365724129412	0
EXT01435	ryg047	F31	black	10	2.43666812709316	1.91863893287438	2.17765352998377	1.35105088990477
EXT01436	ryg047	F31	black	10	2.85094724402075	0	1.42547362201037	2.85094724402075
EXT01437	ryg047	F31	black	10	2.43553207263698	2.43553207263698	2.43553207263698	0
EXT01438	ryg047	F31	black	10	2.30924166451401	2.281699025029	2.29547034477151	1.13915152793662
EXT01439	ryg047	F31	black	10	3.01448486155036	2.80983138858625	2.9121581250683	2.40055558824707
EXT01440	ryg047	F31	black	10	3.11195283443008	3.46365624539224	3.28780453991116	0
EXT01441	ryg047	F31	black	10	2.86415115025657	3.37446782817398	3.11930948921527	2.98694060274182
EXT01442	ryg047	F31	black	10	3.41920514224985	3.26474488895866	3.34197501560425	0
EXT01443	ryg047	F31	black	10	3.11753780381872	3.67434281154266	3.39594030768069	0
EXT01444	ryg047	F31	black	10	0	2.86714627665318	1.43357313832659	2.86714627665318
EXT01445	ryg047	F31	black	10	2.97074694342461	3.0067535004331	2.98875022192886	2.16309584252594
EXT01446	ryg047	F31	black	10	2.78715104001659	2.93364208943657	2.86039656472658	0
EXT01447	ryg047	F31	black	10	2.39573212907169	2.46935905875565	2.43254559391367	0.940070371353462
EXT01448	ryg047	F31	black	10	2.51174720631868	2.60611119472814	2.55892920052341	1.60538625291902
EXT01449	ryg047	F31	black	10	2.33348768611004	2.48728572919061	2.41038670765032	1.40120063339187
EXT01450	ryg047	F31	black	10	3.10083400871819	0	1.5504170043591	0
EXT01451	ryg047	F31	black	10	3.38493402422283	3.2031663536466	3.29405018893471	0
EXT01452	ryg047	F31	black	10	3.39632722780399	3.38524105109455	3.39078413944927	0
EXT01453	ryg047	F31	black	10	3.31117469293741	3.41818310959501	3.36467890126621	0
EXT01454	ryg047	F31	black	10	3.19522120278153	2.85018751846516	3.02270436062334	0
EXT01455	ryg047	F31	black	10	2.56889675675298	2.5802500526196	2.57457340468629	1.02784673245127
EXT01456	ryg047	F31	black	10	3.47281352262895	3.68618695757686	3.5795002401029	0
EXT01457	ryg047	F31	black	10	3.53096865517312	3.32584122561205	3.42840494039259	0
EXT01458	ryg047	F31	black	10	2.73393371178391	2.75015548455416	2.74204459816903	1.33531140340828
EXT01459	ryg047	F31	black	10	2.59646141206509	2.64404529967978	2.62025335587244	0.898299824463326
EXT01460	ryg047	F31	black	10	2.45444548748178	1.7686762735437	2.11156088051274	1.00499138716685
EXT01461	ryg047	F31	black	10	3.35684072737304	3.52845337433069	3.44264705085186	3.11615785568349
EXT01462	ryg047	F31	black	10	3.46780638143835	3.24341070492895	3.35560854318365	0
EXT01463	ryg047	F31	black	10	2.68982759775193	3.1325445271519	2.91118606245192	2.4369750769592
EXT01464	ryg047	F31	black	10	3.07678900932642	3.07678900932642	3.07678900932642	0
EXT01465	ryg047	F31	black	10	2.76951519644094	3.22061475703952	2.99506497674023	0
EXT01466	ryg047	F31	black	10	3.071828286472	3.14708738973556	3.10945783810378	0
EXT01467	ryg047	F31	black	10	2.59532526835327	2.49241552773055	2.54387039804191	1.4436637851986
EXT01468	ryg047	F31	black	10	3.3584384272216	3.13803808548397	3.24823825635278	0
EXT01469	ryg047	F31	black	10	2.6525770171115	2.6538835050389	2.6532302610752	1.19728230395797
EXT01470	ryg047	F31	black	10	2.60362785209864	2.60735176511224	2.60548980860544	1.41081991290834
EXT01471	ryg047	F31	black	10	2.94623258168277	2.90036420738646	2.92329839453461	1.32727527313314
EXT01472	ryg047	F31	black	10	2.98910892460368	3.24388437122264	3.11649664791316	2.75321639137949
EXT01473	ryg047	F31	black	10	3.48042353130933	3.5322274924375	3.50632551187341	0
EXT01474	ryg047	F31	black	10	2.45924974085631	2.63662247291029	2.5479361068833	1.12098405053681
EXT01475	ryg047	F31	black	10	3.44568819990139	3.37373119314167	3.40970969652153	0
EXT01476	ryg047	F31	black	10	2.64739127623361	2.63971509125518	2.6435531837444	1.46649093879218
EXT01477	ryg047	F31	black	10	3.2814249000916	3.0948692638114	3.1881470819515	0
EXT01478	ryg047	F31	black	10	3.54301127279892	3.41468336488995	3.47884731884443	0
EXT01479	ryg047	F31	black	10	2.53211184788721	2.55746394253463	2.54478789521092	0.890741188920243
EXT01480	ryg047	F31	black	10	3.12177364600812	3.48660675641514	3.30419020121163	0
EXT01481	ryg047	F31	black	10	3.38277263579956	3.38277263579956	3.38277263579956	0
EXT01482	ryg047	F31	black	10	3.32915032959786	3.32915032959786	3.32915032959786	0
EXT01483	ryg047	F31	black	10	3.2419698908665	3.05391816037048	3.14794402561849	0
EXT01484	ryg047	F31	black	10	2.84538800628857	3.5787830623019	3.21208553429524	0
EXT01485	ryg047	F31	black	10	3.42589529706553	3.46738262376713	3.44663896041633	0
EXT01486	ryg047	F31	black	10	3.30547174661993	3.32271249060503	3.31409211861248	2.41362370288446
EXT01487	ryg047	F31	black	10	2.84892114112521	2.84892114112521	2.84892114112521	0
EXT01488	ryg047	F31	black	10	3.2345809772577	3.27324886465637	3.25391492095704	2.32987055473792
EXT01489	ryg047	F31	black	10	2.79685717281056	3.18859182706803	2.9927244999393	1.91161797569323
EXT01490	ryg047	F31	black	10	2.58810818474084	2.48748078056431	2.53779448265257	1.44518148251288
EXT01491	ryg047	F31	black	11	2.5599141109315	0	1.27995705546575	2.03429190329241
EXT01492	ryg047	F31	black	11	2.66388538047861	2.73808958814102	2.70098748430982	1.71997099447146
EXT01493	ryg047	F31	black	11	1.62919071541094	1.38948001455387	1.5093353649824	1.56544339638917
EXT01494	ryg047	F31	black	11	2.62177045434368	2.53611107800127	2.57894076617247	0.909360443084246
EXT01495	ryg047	F31	black	11	2.5956819951325	2.46814627884369	2.53191413698809	1.25008130774014
EXT01496	ryg047	F31	black	11	2.4995372614371	2.46648849261201	2.48301287702455	1.12587385816332
EXT01497	ryg047	F31	black	11	1.68702702487328	1.01734852794746	1.35218777641037	1.36117008815639
EXT01498	ryg047	F31	black	11	2.40402765741618	2.29965399815658	2.35184082778638	1.21240983193755
EXT01499	ryg047	F31	black	11	2.41449142493996	2.19807916992284	2.3062852974314	1.45646285772578
EXT01500	ryg047	F31	black	11	2.67537898907035	2.58106349622977	2.62822124265006	1.34547611707135
EXT01501	ryg047	F31	black	11	2.25618854559933	1.98628872890067	2.12123863725	1.17906978717355
EXT01502	ryg047	F31	black	11	0.797653506466907	1.31815076123317	1.05790213385004	1.80015479834797
EXT01503	ryg047	F31	black	11	3.02057552825413	2.79108499570838	2.90583026198126	0
EXT01504	ryg047	F31	black	11	0	0	0	1.97543282505215
EXT01505	ryg047	F31	black	11	0	2.61227966300346	1.30613983150173	0
EXT01506	ryg047	F31	black	11	1.36272377781933	1.67380475225079	1.51826426503506	1.59535831786812
EXT01507	ryg047	F31	black	11	2.59336208427302	2.37222474562373	2.48279341494838	1.49327104940403
EXT01508	ryg047	F31	black	11	2.18138770870536	2.16498939820764	2.1731885534565	1.3005826683692
EXT01509	ryg047	F31	black	11	2.79951056166619	2.60865650527937	2.70408353347278	1.56255774037018
EXT01510	ryg047	F31	black	11	2.72974987172632	2.64933383911915	2.68954185542273	1.7742844078543
EXT01511	ryg047	F31	black	11	1.39520684845701	2.21772833109597	1.80646758977649	1.5833950516025
EXT01512	ryg047	F31	black	11	1.69908113333602	2.23400293326968	1.96654203330285	0
EXT01513	ryg047	F31	black	11	2.62023319432814	2.51744428099302	2.56883873766058	0.839460600547652
EXT01514	ryg047	F31	black	11	1.58292927063927	1.39528359938563	1.48910643501245	1.05896128002185
EXT01515	ryg047	F31	black	11	2.20593525478134	2.16476705560171	2.18535115519152	1.06624044737242
EXT01516	ryg047	F31	black	11	1.64827241121776	1.45803468723397	1.55315354922587	0
EXT01517	ryg047	F31	black	11	1.75346612640345	1.75346612640345	1.75346612640345	1.75346612640345
EXT01518	ryg047	F31	black	11	2.55571917175539	2.40061832159948	2.47816874667743	1.10044732248824
EXT01519	ryg047	F31	black	11	2.52881647777859	2.46329226316812	2.49605437047335	1.59733507971664
EXT01520	ryg047	F31	black	11	2.54147519847349	2.42019682167647	2.48083601007498	0.867002267370294
EXT01521	ryg047	F31	black	11	2.49953386897307	2.24563009714627	2.37258198305967	1.55249925765014
EXT01522	ryg047	F31	black	11	0	0	0	0
EXT01523	ryg047	F31	black	11	2.40198158906661	2.30919747815838	2.3555895336125	1.57890634841002
EXT01524	ryg047	F31	black	11	0	2.63239002682077	1.31619501341039	0
EXT01525	ryg047	F31	black	11	0.863298829854902	1.99852053015259	1.43090968000374	1.19491153838359
EXT01526	ryg047	F31	black	11	2.64259225130611	2.58629935012017	2.61444580071314	1.52187105270295
EXT01527	ryg047	F31	black	11	0	0	0	0
EXT01528	ryg047	F31	black	11	2.59802854397024	2.49319150128305	2.54561002262664	1.33591221872745
EXT01529	ryg047	F31	black	11	1.99651826737245	2.19380077216765	2.09515951977005	0
EXT01530	ryg047	F31	black	11	2.43431717294395	2.21922291057046	2.32677004175721	1.38710538475826
EXT01531	ryg047	F31	black	11	2.65983269593301	2.55728982131006	2.60856125862153	1.52554357867633
EXT01532	ryg047	F31	black	11	2.41722449863725	1.79349475327331	2.10535962595528	1.95881615748203
EXT01533	ryg047	F31	black	11	1.7564245554061	1.7564245554061	1.7564245554061	0.788041746043014
EXT01534	ryg047	F31	black	11	2.50821624669942	2.46510600092798	2.4866611238137	0
EXT01535	ryg047	F31	black	11	2.65359192929467	2.54868374464655	2.60113783697061	1.59542766093885
EXT01536	ryg047	F31	black	11	2.52771019386566	2.39235815688331	2.46003417537448	0.715204884784163
EXT01537	ryg047	F31	black	11	2.59038575952614	2.44664934647744	2.51851755300179	1.33070479739085
EXT01538	ryg047	F31	black	11	2.50875067174919	2.06666665742655	2.28770866458787	0
EXT01539	ryg047	F31	black	11	2.62471138300919	2.4464046223999	2.53555800270455	1.11038102018168
EXT01540	ryg047	F31	black	11	2.65044475650511	2.43573818418495	2.54309147034503	0.901580459070753
EXT01541	ryg047	F31	black	11	0	2.3038165634237	1.15190828171185	0
EXT01542	ryg047	F31	black	11	2.36043006937082	1.69107054367909	2.02575030652496	0
EXT01543	ryg047	F31	black	11	2.79423754938119	2.74044497029727	2.76734125983923	1.44584967529252
EXT01544	ryg047	F31	black	11	2.65175707724568	2.6381897147753	2.64497339601049	1.38704305618189
EXT01545	ryg047	F31	black	11	2.74073431352302	2.61425486102161	2.67749458727232	1.55833314265629
EXT01546	ryg047	F31	black	11	0	2.09097269567727	1.04548634783863	0
EXT01547	ryg047	F31	black	11	2.68235962259725	2.57985004245877	2.63110483252801	1.31475526234673
EXT01548	ryg047	F31	black	11	2.55425076688713	2.44442606389255	2.49933841538984	1.46625925963973
EXT01549	ryg047	F31	black	11	2.59550014765015	2.54128625192204	2.56839319978609	1.40336365183424
EXT01550	ryg047	F31	black	11	1.73744844648027	1.51193784825092	1.6246931473656	1.32018548900871
EXT01551	ryg047	F31	black	11	1.11877134261509	1.69483875737876	1.40680504999692	1.31353658224641
EXT01552	ryg047	F31	black	11	1.31935884870441	0.989165416229947	1.15426213246718	0
EXT01553	ryg047	F31	black	11	2.55856914521203	2.55700639487257	2.5577877700423	1.49144703925134
EXT01554	ryg047	F31	black	11	2.62373089806168	2.51038536478	2.56705813142084	1.46129707366951
EXT01555	ryg047	F31	black	11	0	2.12403117707477	1.06201558853738	0
EXT01556	ryg047	F31	black	11	3.14097830080545	2.60690622434241	2.87394226257393	0
EXT01557	ryg047	F31	black	11	2.62011217915722	2.27683117761963	2.44847167838843	0.935566348355454
EXT01558	ryg047	F31	black	11	1.09983611225459	1.09983611225459	1.09983611225459	0.77927337026536
EXT01559	ryg047	F31	black	11	2.45528855100789	2.39276810779341	2.42402832940065	1.40236920854745
EXT01560	ryg047	F31	black	11	2.30343347322172	2.15542732137839	2.22943039730006	0.772836643926869
EXT01561	ryg047	F31	black	11	1.77518836397413	2.1705256800251	1.97285702199962	1.14187049334764
EXT01562	ryg047	F31	black	11	1.15338022439908	1.15338022439908	1.15338022439908	1.15338022439908
EXT01563	ryg047	F31	black	11	2.51048523296457	2.47827336351294	2.49437929823876	1.0807260099936
EXT01564	ryg047	F31	black	11	2.55819564113758	2.43025782855647	2.49422673484703	0.964412816118406
EXT01565	ryg047	F31	black	11	2.72907784638357	2.60928355615928	2.66918070127142	1.32704514753669
EXT01566	ryg047	F31	black	11	2.61950341726162	2.46319567300576	2.54134954513369	0
EXT01567	ryg047	F31	black	11	2.53087453984825	2.51622592527015	2.5235502325592	0
EXT01568	ryg047	F31	black	11	0.723358634602073	1.37212701426891	1.04774282443549	1.04175421352823
EXT01569	ryg047	F31	black	11	0	2.39919529088234	1.19959764544117	1.78814709647607
EXT01570	ryg047	F31	black	11	2.30171728666699	2.35595866429027	2.32883797547863	1.30441690813045
EXT01571	ryg047	F31	black	11	2.82378552077699	2.36082048836683	2.59230300457191	0
EXT01572	ryg047	F31	black	11	2.58023863614362	2.38073336697071	2.48048600155716	1.46731150956382
EXT01573	ryg047	F31	black	11	0	0	0	0
EXT01574	ryg047	F31	black	11	1.38986201663983	1.76759298136798	1.5787274990039	1.19425822273483
EXT01575	ryg047	F31	black	11	1.57869790044059	1.76709296804853	1.67289543424456	0
EXT01576	ryg047	F31	black	11	2.71235916245606	2.4207368451101	2.56654800378308	1.49814830063792
EXT01577	ryg047	F31	black	11	2.47442725467458	2.5067557345377	2.49059149460614	1.41749243222605
EXT01578	ryg047	F31	black	11	2.13875019918462	2.39529160538355	2.26702090228409	2.13875019918462
EXT01579	ryg047	F31	black	11	2.523173514037	2.3616291189154	2.4424013164762	0.801994747907694
EXT01580	ryg047	F31	black	11	2.60620973022047	2.49046297174153	2.548336350981	1.03957185698874
EXT01581	ryg047	F31	black	11	2.51824778745803	2.41028632597036	2.4642670567142	1.61478513608899
EXT01582	ryg047	F31	black	11	1.9289164743629	1.9289164743629	1.9289164743629	0
EXT01583	ryg047	F31	black	11	2.74184943644966	2.70861216530137	2.72523080087551	1.44785447751041
EXT01584	ryg047	F31	black	11	2.40595035861979	2.27564901460984	2.34079968661482	1.38635312211001
EXT01585	ryg047	F31	black	11	1.36350610194211	2.0505568543521	1.7070314781471	1.16910797313636
EXT01586	ryg047	F31	black	11	2.43729190661317	2.22087502672097	2.32908346666707	1.24333372982333
EXT01587	ryg047	F31	black	11	2.53477134427209	2.57616454902272	2.5554679466474	1.58734108384206
EXT01588	ryg047	F31	black	11	1.99988915290066	2.18336860484141	2.09162887887103	1.83754480936893
EXT01589	ryg047	F31	black	11	2.51838792616852	2.48220562910252	2.50029677763552	1.27160166429961
EXT01590	ryg047	F31	black	11	2.50392090274194	2.30487366027877	2.40439728151036	1.34596720952239
EXT01591	ryg047	F31	black	11	2.66819622511152	2.56926165981992	2.61872894246572	0
EXT01592	ryg047	F31	black	11	2.5341571381813	2.19022300201561	2.36219007009846	0.895576651455211
EXT01593	ryg047	F31	black	11	2.58676266810966	2.43988490509778	2.51332378660372	1.55675341517542
EXT01594	ryg047	F31	black	11	0	1.94128457828101	0.970642289140505	1.29664698496858
EXT01595	ryg047	F31	black	11	2.16050124688649	1.93418829068021	2.04734476878335	0
EXT01596	ryg047	F31	black	11	2.12135217884574	2.16410903041659	2.14273060463116	1.33097765200409
EXT01597	ryg047	F31	black	11	2.55061956192218	2.31965473451012	2.43513714821615	1.51637244076127
EXT01598	ryg047	F31	black	11	2.61843455490275	2.40000873064469	2.50922164277372	1.62000677030592
EXT01599	ryg047	F31	black	11	2.50911760495744	2.16605167814682	2.33758464155213	0
EXT01600	ryg047	F31	black	11	2.66275219562213	2.52672752415341	2.59473985988777	1.38221939342423
EXT01601	ryg047	F31	black	11	2.51218692663639	2.52671359363128	2.51945026013384	0
EXT01602	ryg047	F31	black	11	0.886399973298009	1.22095729246488	1.05367863288144	1.72612891043254
EXT01603	ryg047	F31	black	11	0.855296791444921	1.97346951242241	1.41438315193366	1.38462789307632
EXT01604	ryg047	F31	black	11	2.38801156000263	2.19828394805024	2.29314775402644	1.20357677220725
EXT01605	ryg047	F31	black	11	2.60040315451938	2.48369214149526	2.54204764800732	1.41865887839934
EXT01606	ryg047	F31	black	14	2.71173439497991	2.98240577805963	2.84707008651977	1.57918014450574
EXT01607	ryg047	F31	black	14	2.89680267018883	2.90859104499075	2.90269685758979	0
EXT01608	ryg047	F31	black	14	2.56991267623404	3.13804318879649	2.85397793251527	0
EXT01609	ryg047	F31	black	14	2.82790380933003	2.8388901696148	2.83339698947241	1.65366789733612
EXT01610	ryg047	F31	black	14	2.41881871148272	2.50063947263323	2.45972909205798	1.52715211171361
EXT01611	ryg047	F31	black	14	2.46989575681265	2.58194593259872	2.52592084470568	1.65368752535105
EXT01612	ryg047	F31	black	14	2.60746212526835	2.66558203101283	2.63652207814059	1.12172096610385
EXT01613	ryg047	F31	black	14	2.73083651034984	2.84550418382943	2.78817034708963	1.42443856123817
EXT01614	ryg047	F31	black	14	2.75768701968641	2.89274741667363	2.82521721818002	0
EXT01615	ryg047	F31	black	14	1.93712911099792	2.21580851994017	2.07646881546904	1.65377501479522
EXT01616	ryg047	F31	black	14	2.59973706490974	2.69130236603177	2.64551971547076	1.77572105879964
EXT01617	ryg047	F31	black	14	2.4169063375459	2.37803028651569	2.3974683120308	1.32472938248032
EXT01618	ryg047	F31	black	14	2.65496228945729	2.77320006671396	2.71408117808562	1.59065697466546
EXT01619	ryg047	F31	black	14	2.76753362433788	2.8051373999611	2.78633551214949	0.694970293171571
EXT01620	ryg047	F31	black	14	2.60314623312509	2.57719751001911	2.5901718715721	1.16961975563259
EXT01621	ryg047	F31	black	14	2.44690708409989	2.50445550456893	2.47568129433441	1.81075497977148
EXT01622	ryg047	F31	black	14	2.82460061934982	2.73799819620637	2.7812994077781	0
EXT01623	ryg047	F31	black	14	2.51871761471902	2.91375292840969	2.71623527156436	0
EXT01624	ryg047	F31	black	14	2.59125976203991	2.74281853331998	2.66703914767995	1.04623015817228
EXT01625	ryg047	F31	black	14	2.66744643300351	2.75793326439521	2.71268984869936	1.32888632915063
EXT01626	ryg047	F31	black	14	2.74169595948628	2.70833413739533	2.7250150484408	0
EXT01627	ryg047	F31	black	14	1.49772785771698	1.89268353819586	1.69520569795642	0
EXT01628	ryg047	F31	black	14	2.53230052921699	2.61267940737215	2.57248996829457	1.56629444241405
EXT01629	ryg047	F31	black	14	2.71159461451254	2.71159461451254	2.71159461451254	2.45860622473321
EXT01630	ryg047	F31	black	14	2.72137590410878	2.86348036408849	2.79242813409863	1.19084086109576
EXT01631	ryg047	F31	black	14	1.17072231816246	0	0.585361159081232	1.61963588314048
EXT01632	ryg047	F31	black	14	2.52812792961454	2.64828661298094	2.58820727129774	0
EXT01633	ryg047	F31	black	14	2.66055526476713	2.74718503957537	2.70387015217125	1.61570782890735
EXT01634	ryg047	F31	black	14	2.82873523567303	3.06732540619089	2.94803032093196	0
EXT01635	ryg047	F31	black	14	2.62261164452512	2.65475336442109	2.63868250447311	1.07830578788254
EXT01636	ryg047	F31	black	14	3.03596583850397	2.91713201453383	2.9765489265189	0
EXT01637	ryg047	F31	black	14	2.65245147437098	2.59241777532592	2.62243462484845	1.10810530048375
EXT01638	ryg047	F31	black	14	1.53200565932418	1.8363063691648	1.68415601424449	0
EXT01639	ryg047	F31	black	14	2.46370186663094	2.52657651830079	2.49513919246587	1.69236407288151
EXT01640	ryg047	F31	black	14	2.71596156478158	2.81235413480472	2.76415784979315	0.82139873565177
EXT01641	ryg047	F31	black	14	3.1117699424572	2.73463336503838	2.92320165374779	2.20788726160747
EXT01642	ryg047	F31	black	14	2.13928604224182	2.66033986570347	2.39981295397264	1.30151169159766
EXT01643	ryg047	F31	black	14	0	0	0	0
EXT01644	ryg047	F31	black	14	2.70972416782519	2.73626081684453	2.72299249233486	1.82172165473497
EXT01645	ryg047	F31	black	14	2.51407317234506	2.27443342584212	2.39425329909359	1.25800816191065
EXT01646	ryg047	F31	black	14	2.6905371459636	2.78861331988639	2.73957523292499	0
EXT01647	ryg047	F31	black	14	2.63647076760881	2.85399320271698	2.74523198516289	0
EXT01648	ryg047	F31	black	14	2.39282013090039	2.71439751084189	2.55360882087114	0
EXT01649	ryg047	F31	black	14	3.05008194076087	3.33836784766444	3.19422489421266	2.82370695499173
EXT01650	ryg047	F31	black	14	2.51793984883549	2.78494457357298	2.65144221120423	2.02713470014157
EXT01651	ryg047	F31	black	14	2.73783173234612	2.78959971905555	2.76371572570083	1.53033492347764
EXT01652	ryg047	F31	black	14	2.69609529426919	2.83381200990598	2.76495365208758	1.49634101737247
EXT01653	ryg047	F31	black	14	2.70230006015966	2.80826786816748	2.75528396416357	1.26508549237351
EXT01654	ryg047	F31	black	14	2.71809659895194	2.7482810189377	2.73318880894482	0.988504394376386
EXT01655	ryg047	F31	black	14	2.39192665995522	2.41430017484026	2.40311341739774	1.44195928868285
EXT01656	ryg047	F31	black	14	0	0	0	0
EXT01657	ryg047	F31	black	14	2.49307602111794	2.42655968314975	2.45981785213385	1.20261865879798
EXT01658	ryg047	F31	black	14	0	2.9001156221109	1.45005781105545	0
EXT01659	ryg047	F31	black	14	2.74824322920093	2.83533856010055	2.79179089465074	1.31893075261847
EXT01660	ryg047	F31	black	14	2.67453227806126	2.83227330867685	2.75340279336905	2.10468109048869
EXT01661	ryg047	F31	black	14	2.63329870079965	2.71613314705818	2.67471592392892	1.48675303445265
EXT01662	ryg047	F31	black	14	2.88473646156597	0	1.44236823078299	0
EXT01663	ryg047	F31	black	14	2.64983697971201	2.60624956478864	2.62804327225032	1.11248721269496
EXT01664	ryg047	F31	black	14	3.04589335706094	3.11847535515636	3.08218435610865	0
EXT01665	ryg047	F31	black	14	2.83130166298845	2.85736384516459	2.84433275407652	1.53470455349792
EXT01666	ryg047	F31	black	14	2.79362553108046	2.83282149270561	2.81322351189304	0.900994966126121
EXT01667	ryg047	F31	black	14	2.63939123155463	2.63811840620111	2.63875481887787	1.25718480493632
EXT01668	ryg047	F31	black	14	2.64148335830031	2.37326439586382	2.50737387708206	1.27111290836559
EXT01669	ryg047	F31	black	14	2.92261994912448	3.10317833022642	3.01289913967545	0
EXT01670	ryg047	F31	black	14	2.50932880038312	2.5643858416879	2.53685732103551	1.24590428946129
EXT01671	ryg047	F31	black	14	2.68541697122615	2.74152801686864	2.7134724940474	0
EXT01672	ryg047	F31	black	14	2.68465013290544	2.79175914916054	2.73820464103299	0.702710500950335
EXT01673	ryg047	F31	black	14	2.65545172943409	2.70377970703893	2.67961571823651	1.56102861807367
EXT01674	ryg047	F31	black	14	2.32028162982817	2.13163082481299	2.22595622732058	1.26677978065618
EXT01675	ryg047	F31	black	14	2.50792968904283	2.5996596631204	2.55379467608161	0
EXT01676	ryg047	F31	black	14	2.78550468169906	2.82533617292506	2.80542042731206	0
EXT01677	ryg047	F31	black	14	2.2716357703799	2.2716357703799	2.2716357703799	0
EXT01678	ryg047	F31	black	14	0	2.27881972183654	1.13940986091827	0
EXT01679	ryg047	F31	black	14	2.40010137108675	2.33868444542322	2.36939290825499	1.19431107050548
EXT01680	ryg047	F31	black	14	2.6678551612631	2.70992034298594	2.68888775212452	1.22796115862404
EXT01681	ryg047	F31	black	14	2.8325824915548	3.16906118504389	3.00082183829934	0
EXT01682	ryg047	F31	black	15	2.4045945736595	3.00603586233777	2.70531521799863	1.33489742909927
EXT01683	ryg047	F31	black	15	2.60086429401264	2.98109374446262	2.79097901923763	1.74583437919418
EXT01684	ryg047	F31	black	15	2.47331341456352	2.93685889463617	2.70508615459984	1.35688325630329
EXT01685	ryg047	F31	black	15	2.27395350175412	3.06250941526012	2.66823145850712	0.811236903987987
EXT01686	ryg047	F31	black	15	2.34476750216154	3.07263468733624	2.70870109474889	1.34968860597288
EXT01687	ryg047	F31	black	15	2.85547897624092	2.96301328285939	2.90924612955015	0.901894187876612
EXT01688	ryg047	F31	black	15	1.42364935800758	3.0840698760586	2.25385961703309	1.27656300875412
EXT01689	ryg047	F31	black	15	2.04597639790852	3.0795098182589	2.56274310808371	1.90830910401681
EXT01690	ryg047	F31	black	15	2.55644722223807	3.27414339962524	2.91529531093165	1.97462652555782
EXT01691	ryg047	F31	black	15	2.51933741380317	0	1.25966870690158	0
EXT01692	ryg047	F31	black	15	2.43030094117867	2.97498371924397	2.70264233021132	1.6724282552045
EXT01693	ryg047	F31	black	15	2.62564105786483	2.94664023056428	2.78614064421455	0.853786066734867
EXT01694	ryg047	F31	black	15	2.52280169695059	3.04481326595399	2.78380748145229	1.12860316017018
EXT01695	ryg047	F31	black	15	2.38164212552564	3.25037537800752	2.81600875176658	0
EXT01696	ryg047	F31	black	15	2.02319672050999	3.0381143058914	2.53065551320069	1.62845222252859
EXT01697	ryg047	F31	black	15	2.70175676875033	3.00266632829354	2.85221154852194	1.47396471167307
EXT01698	ryg047	F31	black	15	2.05837059942221	2.9342475351031	2.49630906726265	1.48682587361776
EXT01699	ryg047	F31	black	15	2.17772186750219	3.07930445597068	2.62851316173644	1.82186919502011
EXT01700	ryg047	F31	black	15	2.03488621125824	3.11533414464285	2.57511017795055	1.39872259850775
EXT01701	ryg047	F31	black	15	2.17895289870312	2.97717223753898	2.57806256812105	1.76929910630995
EXT01702	ryg047	F31	black	15	2.52508429671054	3.06023512157778	2.79265970914416	1.15053349989229
EXT01703	ryg047	F31	black	15	1.49008093606453	3.05737654627847	2.2737287411715	1.23471858988089
EXT01704	ryg047	F31	black	15	2.63194617906343	3.08137051799236	2.8566583485279	1.32446636829188
EXT01705	ryg047	F31	black	15	2.47431555483925	3.04128399779163	2.75779977631544	0.77942029269924
EXT01706	ryg047	F31	black	15	2.24576043022532	3.00474906725124	2.62525474873828	0
EXT01707	ryg047	F31	black	15	2.52114009289962	2.96611969237974	2.74362989263968	1.16526068347939
EXT01708	ryg047	F31	black	15	2.5496242711405	2.99263675442156	2.77113051278103	0
EXT01709	ryg047	F31	black	15	2.82935593763319	2.94442178617196	2.88688886190257	1.79545277804726
EXT01710	ryg047	F31	black	15	2.63373035937378	3.0484180561541	2.84107420776394	1.37104438400703
EXT01711	ryg047	F31	black	15	2.63016491611687	2.88320738857972	2.75668615234829	1.87729147490037
EXT01712	ryg047	F31	black	15	2.46420266930636	2.94342220873199	2.70381243901917	1.37533743496581
EXT01713	ryg047	F31	black	15	2.72283003328271	2.91060743510034	2.81671873419153	1.27472591003463
EXT01714	ryg047	F31	black	15	2.55461450265474	2.96138182441399	2.75799816353437	1.62966782754569
EXT01715	ryg047	F31	black	15	1.67468845783446	3.15499656522815	2.4148425115313	0.696045173998442
EXT01716	ryg047	F31	black	15	1.98150983590423	3.08617710186336	2.5338434688838	1.70723092730869
EXT01717	ryg047	F31	black	15	2.4966173088431	3.02036377026857	2.75849053955583	0.658121028002695
EXT01718	ryg047	F31	black	15	2.66832198658167	2.96503100425779	2.81667649541973	1.24655646604728
EXT01719	ryg047	F31	black	15	1.69540475722673	3.09419554641954	2.39480015182313	1.42268540720716
EXT01720	ryg047	F31	black	15	2.86027388624122	3.01016857204535	2.93522122914328	1.10102665849602
EXT01721	ryg047	F31	black	15	1.86200731321642	3.34049995071422	2.60125363196532	0
EXT01722	ryg047	F31	black	15	2.33607657278369	3.03805547793696	2.68706602536033	1.40884097107887
EXT01723	ryg047	F31	black	15	2.30323236579834	3.05143368833524	2.67733302706679	1.25267562512475
EXT01724	ryg047	F31	black	15	2.67910010626371	2.98576836873927	2.83243423750149	1.39968022428241
EXT01725	ryg047	F31	black	15	2.37237723219789	3.02098084334546	2.69667903777168	1.65037943406717
EXT01726	ryg047	F31	black	15	2.49644068959052	2.94445540792648	2.7204480487585	1.09049927887073
EXT01727	ryg047	F31	black	15	1.85999735510985	3.1149410782289	2.48746921666938	1.39611657645017
EXT01728	ryg047	F31	black	15	2.60902826863768	2.9632687580576	2.78614851334764	0.947019352994252
EXT01729	ryg047	F31	black	15	2.32469015948932	2.98286897527742	2.65377956738337	1.58483975004728
EXT01730	ryg047	F31	black	15	2.58756163247467	3.0326941426491	2.81012788756188	1.61302275683217
EXT01731	ryg047	F31	black	15	2.56548267593144	3.02046883963498	2.79297575778321	1.27476419072211
EXT01732	ryg047	F31	black	15	2.54243048862049	2.95736491865781	2.74989770363915	1.54912121670488
EXT01733	ryg047	F31	black	15	2.37329077466958	3.00044346517901	2.68686711992429	1.54811695794608
EXT01734	ryg047	F31	black	15	2.4262434984582	3.02710391172855	2.72667370509337	1.61620626638756
EXT01735	ryg047	F31	black	15	2.60445507657542	2.96477434077022	2.78461470867282	0.865078800222098
EXT01736	ryg047	F31	black	15	1.79122647196384	3.03755895580104	2.41439271388244	1.45083853846869
EXT01737	ryg047	F31	black	15	1.88149821428777	3.10792905154878	2.49471363291827	1.28934553043074
EXT01738	ryg047	F31	black	15	2.71271959324798	3.10973935554288	2.91122947439543	1.59571272128124
EXT01739	ryg047	F31	black	15	2.41817273234	2.93022400937371	2.67419837085686	1.57564066569332
EXT01740	ryg047	F31	black	15	1.28292050246533	3.0075419999369	2.14523125120112	1.56419188864265
EXT01741	ryg047	F31	black	15	2.52040187949409	2.95483917636898	2.73762052793154	1.49910737581403
EXT01742	ryg047	F31	black	15	1.9674309586868	3.22912815339978	2.59827955604329	1.9674309586868
EXT01743	ryg047	F31	black	15	2.8263740868283	3.06209351140778	2.94423379911804	1.52098500508396
EXT01744	ryg047	F31	black	15	2.77224941386559	3.02192487152091	2.89708714269325	0
EXT01745	ryg047	F31	black	15	2.37854629331802	3.15289448047441	2.76572038689621	1.54955524173598
EXT01746	ryg047	F31	black	15	2.46597417231539	3.05103283510095	2.75850350370817	1.80412596848277
EXT01747	ryg047	F31	black	15	2.53386942640048	2.90143475424595	2.71765209032321	1.09544052640673
EXT01748	ryg047	F31	black	15	1.59908443329717	2.99027259375779	2.29467851352748	1.59908443329717
EXT01749	ryg047	F31	black	15	2.58183529611583	3.01802535180995	2.79993032396289	1.24119707607596
EXT01750	ryg047	F31	black	15	2.19219798955982	2.93119442669426	2.56169620812704	1.53788446844133
EXT01751	ryg047	F31	black	15	1.9000418172685	3.17734793966668	2.53869487846759	1.21037974372046
EXT01752	ryg047	F31	black	15	1.93881043298989	3.08214149083385	2.51047596191187	1.93881043298989
EXT01753	ryg047	F31	black	15	2.44304699277797	3.09767440902856	2.77036070090327	0
EXT01754	ryg047	F31	black	15	2.76424708735637	3.02675511044753	2.89550109890195	1.39956355841039
EXT01755	ryg047	F31	black	15	2.79623292147818	3.47136621696829	3.13379956922324	2.26799841643043
EXT01756	ryg047	F31	black	15	2.63547326834947	2.96939800444209	2.80243563639578	1.18206024834259
EXT01757	ryg047	F31	black	15	2.30840267138136	2.98699123339757	2.64769695238947	1.43579288098644
EXT01758	ryg047	F31	black	15	2.30821192859608	2.90510396370925	2.60665794615266	0.682736203587188
EXT01759	ryg047	F31	black	15	2.61828086309295	3.00395762649715	2.81111924479505	1.66291238437042
EXT01760	ryg047	F31	black	15	1.91962958728669	3.07184412305701	2.49573685517185	1.64111273643691
EXT01761	ryg047	F31	black	15	1.68178533355393	3.05124809200866	2.3665167127813	0
EXT01762	ryg047	F31	black	15	2.43411904923748	3.09694062457305	2.76552983690526	1.61573227596713
EXT01763	ryg047	F31	black	15	2.86426023190642	3.05182029472323	2.95804026331482	1.87918631575161
EXT01764	ryg047	F31	black	15	2.75282479097141	2.99887251906871	2.87584865502006	1.39962282191704
EXT01765	ryg047	F31	black	15	2.75003882370073	2.98457760568921	2.86730821469497	1.02592402607289
EXT01766	ryg047	F31	black	15	1.64040484128794	3.02656546086652	2.33348515107723	0.630400317990385
EXT01767	ryg047	F31	black	15	2.07157513314333	3.10122404727467	2.586399590209	0.699230252199487
EXT01768	ryg047	F31	black	15	1.22831008318354	3.09992123910024	2.16411566114189	1.58989115565181
EXT01769	ryg047	F31	black	15	2.32207373782224	3.03858863565926	2.68033118674075	0
EXT01770	ryg047	F31	black	15	2.45276005057491	3.01974323492378	2.73625164274934	1.10837636825329
EXT01771	ryg047	F31	black	15	2.54260889974911	3.22928138285837	2.88594514130374	1.61750936173027
EXT01772	ryg047	F31	black	15	2.52647689915964	3.08226476700374	2.80437083308169	1.34273474604094
EXT01773	ryg047	F31	black	15	1.5921515352817	3.05291775237593	2.32253464382881	1.29688288012488
EXT01774	ryg047	F31	black	15	1.71059269955929	3.01821248033807	2.36440258994868	1.17634985519862
EXT01775	ryg047	F31	black	15	1.78212058946	3.07738212165306	2.42975135555653	1.78212058946
EXT01776	ryg047	F31	black	15	2.60594024250634	2.95614514129755	2.78104269190195	1.45245540599154
EXT01777	ryg047	F31	black	15	2.42307710199113	3.02285611939676	2.72296661069394	1.30852100873408
EXT01778	ryg047	F31	black	15	2.7810469892944	3.32051653109652	3.05078176019546	0
EXT01779	ryg047	F31	black	15	2.30356946052948	3.1817117129568	2.74264058674314	0
EXT01780	ryg047	F31	black	15	2.83590039253354	2.97447809769615	2.90518924511485	1.15928737428886
EXT01781	ryg047	F31	black	15	2.08106259266798	3.06174701882522	2.5714048057466	1.61205993947129
EXT01782	ryg047	F31	black	15	2.10225115454229	3.05112989687834	2.57669052571031	0
EXT01783	ryg047	F31	black	5	2.36077639448858	2.89205267914566	2.62641453681712	1.08142842950043
EXT01784	ryg047	F31	black	5	2.8304664012394	3.04636295236792	2.93841467680366	1.95201375426759
EXT01785	ryg047	F31	black	5	2.79262353505411	2.95241503668555	2.87251928586983	1.18557259745002
EXT01786	ryg047	F31	black	5	2.65231885480866	2.84340606598533	2.74786246039699	1.11190488185901
EXT01787	ryg047	F31	black	5	2.84198313285205	2.87135865920481	2.85667089602843	1.29888131579477
EXT01788	ryg047	F31	black	5	3.24078514286557	3.23674473916051	3.23876494101304	0
EXT01789	ryg047	F31	black	5	2.80663621193517	2.89857662935344	2.85260642064431	1.35527795989478
EXT01790	ryg047	F31	black	5	2.85304754938551	2.96277354591113	2.90791054764832	1.34696891944337
EXT01791	ryg047	F31	black	5	2.89161316117749	2.92066894011837	2.90614105064793	0
EXT01792	ryg047	F31	black	5	2.86114806942348	3.07665444280542	2.96890125611445	0
EXT01793	ryg047	F31	black	5	2.87962148893457	2.88650439556438	2.88306294224947	1.1975263156472
EXT01794	ryg047	F31	black	5	2.7768828719121	2.89269059629051	2.8347867341013	1.73366361906458
EXT01795	ryg047	F31	black	5	2.87845616328281	2.95515541605652	2.91680578966966	0
EXT01796	ryg047	F31	black	5	2.76665811810517	2.95792188228542	2.86229000019529	1.69434009861384
EXT01797	ryg047	F31	black	5	2.85588378287607	2.89240902851494	2.8741464056955	1.16555605804214
EXT01798	ryg047	F31	black	5	2.88786996934851	2.92151493118374	2.90469245026613	1.8082456454528
EXT01799	ryg047	F31	black	5	2.84857954771733	2.89603281051135	2.87230617911434	1.42071118732549
EXT01800	ryg047	F31	black	5	2.83389297580426	2.89216273922995	2.86302785751711	1.4819703425473
EXT01801	ryg047	F31	black	5	2.91716086555755	2.90217453253909	2.90966769904832	1.00207357304769
EXT01802	ryg047	F31	black	5	2.69180636451363	2.94274085699835	2.81727361075599	0
EXT01803	ryg047	F31	black	5	3.14543494948836	3.18772625743267	3.16658060346051	2.14518817617408
EXT01804	ryg047	F31	black	5	2.86702455222794	2.83269556696337	2.84986005959566	0.982466025335892
EXT01805	ryg047	F31	black	5	2.79239445822197	2.89461795515404	2.843506206688	1.31050581094801
EXT01806	ryg047	F31	black	5	2.80516365232095	3.03723217642069	2.92119791437082	1.70529308519347
EXT01807	ryg047	F31	black	5	2.92790956538971	2.87012250261654	2.89901603400313	0.956343485498351
EXT01808	ryg047	F31	black	5	2.86853671854757	2.8259162272681	2.84722647290783	1.2414681082175
EXT01809	ryg047	F31	black	5	2.86059586220816	3.01833051385125	2.9394631880297	1.17368813704888
EXT01810	ryg047	F31	black	5	2.80158736731796	2.98067341790089	2.89113039260943	1.18378533969767
EXT01811	ryg047	F31	black	5	2.76984205799485	2.84721843387435	2.8085302459346	1.15794004738356
EXT01812	ryg047	F31	black	5	2.81253727502556	2.84914029956276	2.83083878729416	1.18991190794627
EXT01813	ryg047	F31	black	5	2.72261423063832	2.74937433194208	2.7359942812902	1.25732196779384
EXT01814	ryg047	F31	black	5	2.83262666816718	2.97993553511485	2.90628110164102	0
EXT01815	ryg047	F31	black	5	2.82179956535209	2.78473115500405	2.80326536017807	0.969785261639974
EXT01816	ryg047	F31	black	5	2.81144950475483	2.96940817893707	2.89042884184595	1.42894971301592
EXT01817	ryg047	F31	black	5	2.81732083767816	2.96354383040181	2.89043233403999	1.80920816616763
EXT01818	ryg047	F31	black	5	2.7283201444869	2.89781152234995	2.81306583341842	1.21235228855701
EXT01819	ryg047	F31	black	5	2.92604067913409	2.92237928919803	2.92420998416606	0
EXT01820	ryg047	F31	black	5	2.85025742288684	2.89861209433359	2.87443475861022	0
EXT01821	ryg047	F31	black	5	2.73642583442162	2.83267377871348	2.78454980656755	1.51022842773158
EXT01822	ryg047	F31	black	5	2.76566343406851	2.91192027557545	2.83879185482198	1.12143150751772
EXT01823	ryg047	F31	black	5	2.87441668614664	2.86173722718048	2.86807695666356	0
EXT01824	ryg047	F31	black	5	2.72438426665076	2.76045874503169	2.74242150584123	1.23132270687074
EXT01825	ryg047	F31	black	5	2.8126651936534	2.88513859132827	2.84890189249083	1.56838807835614
EXT01826	ryg047	F31	black	5	2.79017693129468	2.73788365008879	2.76403029069173	0.891889530413505
EXT01827	ryg047	F31	black	5	2.8253004147877	2.95609952792719	2.89069997135744	0
EXT01828	ryg047	F31	black	5	2.85375978926514	2.9556295073309	2.90469464829802	1.85937641152548
EXT01829	ryg047	F31	black	5	2.76805091066374	2.95490007278899	2.86147549172636	1.54214560268409
EXT01830	ryg047	F31	black	5	2.8238911592861	2.85562310855507	2.83975713392059	0
EXT01831	ryg047	F31	black	5	2.95495966896315	2.88705176049822	2.92100571473068	1.00633813920229
EXT01832	ryg047	F31	black	5	3.01123404313924	3.06264437127147	3.03693920720536	0
EXT01833	ryg047	F31	black	5	2.76762080951024	2.85318346781087	2.81040213866055	0
EXT01834	ryg047	F31	black	5	2.76664312163892	2.9362755093737	2.85145931550631	1.66605371133447
EXT01835	ryg047	F31	black	5	2.85228344408825	2.86800564391109	2.86014454399967	1.34346787539488
EXT01836	ryg047	F31	black	5	2.84763939125681	2.93807527841219	2.8928573348345	1.38326148219823
EXT01837	ryg047	F31	black	5	2.80490516546953	2.79996165379371	2.80243340963162	1.19140378938938
EXT01838	ryg047	F31	black	5	2.93192437756692	2.93836540430432	2.93514489093562	1.85686184934836
EXT01839	ryg047	F31	black	5	2.77422754961667	2.77656714698438	2.77539734830052	1.73503349751542
EXT01840	ryg047	F31	black	5	2.81649155227069	3.35349917810824	3.08499536518947	0
EXT01841	ryg047	F31	black	5	2.83146481401655	2.81398948643084	2.8227271502237	1.40063272400048
EXT01842	ryg047	F31	black	5	2.86852468247872	2.82112547667011	2.84482507957442	1.69808573759015
EXT01843	ryg047	F31	black	5	2.70466211732839	2.81268467386581	2.7586733955971	0.928840013736339
EXT01844	ryg047	F31	black	5	2.82335003808932	2.86583333709847	2.84459168759389	1.67607274154824
EXT01845	ryg047	F31	black	5	2.8771042598288	2.84846814191851	2.86278620087366	1.45507133659602
EXT01846	ryg047	F31	black	5	2.75730373807426	2.88849896308679	2.82290135058052	1.49623094273792
EXT01847	ryg047	F31	black	5	2.80781434762741	2.85593075893207	2.83187255327974	0.825619492597163
EXT01848	ryg047	F31	black	5	2.86358958475108	2.85370429067941	2.85864693771525	0
EXT01849	ryg047	F31	black	5	2.96187019011205	3.11257636425875	3.0372232771854	1.75240447202779
EXT01850	ryg047	F31	black	5	2.73518706604228	2.81545661523799	2.77532184064014	1.35905080075223
EXT01851	ryg047	F31	black	5	2.88748190576099	3.00723416169339	2.94735803372719	0
EXT01852	ryg047	F31	black	5	2.71126252275115	2.71658426486835	2.71392339380975	1.39592994098852
EXT01853	ryg047	F31	black	5	2.875786497431	2.95129466864207	2.91354058303654	1.42824915225444
EXT01854	ryg047	F31	black	5	2.84172328691429	2.85617334091735	2.84894831391582	1.23190824839478
EXT01855	ryg047	F31	black	5	2.87906227985191	2.79070451838233	2.83488339911712	0
EXT01856	ryg047	F31	black	5	2.76390742091956	2.89101085690712	2.82745913891334	1.70139660634047
EXT01857	ryg047	F31	black	5	2.79510498779867	2.95087485290759	2.87298992035313	0
EXT01858	ryg047	F31	black	5	2.93883824547503	3.09710359942516	3.01797092245009	1.73601279604732
EXT01859	ryg047	F31	black	5	2.91999011860131	2.98371392748394	2.95185202304262	1.46348421288693
EXT01860	ryg047	F31	black	5	2.95254053418555	2.93644002435226	2.9444902792689	0.98592428264741
EXT01861	ryg047	F31	black	5	2.87079208686812	2.86527326851936	2.86803267769374	1.88968849092159
EXT01862	ryg047	F31	black	5	2.69806733990085	2.82415330899928	2.76111032445006	1.47830730835783
EXT01863	ryg047	F31	black	5	2.7949627479048	2.82864249885761	2.8118026233812	1.21391343680676
EXT01864	ryg047	F31	black	5	2.87698143750122	2.89636028879665	2.88667086314894	0
EXT01865	ryg047	F31	black	5	2.91632891164045	2.91570002004661	2.91601446584353	0.910700456007736
EXT01866	ryg047	F31	black	5	2.70105569283928	2.8466993484192	2.77387752062924	1.27142424217484
EXT01867	ryg047	F31	black	5	2.84403606700911	2.87021314569782	2.85712460635346	1.70543628750584
EXT01868	ryg047	F31	black	5	2.69805622269992	2.95723991393198	2.82764806831595	1.53658100845871
EXT01869	ryg047	F31	black	5	2.72065555043503	2.95925814268367	2.83995684655935	1.68615256459561
EXT01870	ryg047	F31	black	5	2.88704113596812	2.98782954739048	2.9374353416793	0
EXT01871	ryg047	F31	black	5	2.79034542420566	2.88108697091891	2.83571619756229	1.66369934657324
EXT01872	ryg047	F31	black	5	2.85578754092315	2.89694513600208	2.87636633846261	1.62283782533723
EXT01873	ryg047	F31	black	5	2.73383619286466	2.85786148889707	2.79584884088086	0.836653315375102
EXT01874	ryg047	F31	black	5	2.85963008784	2.93143447189185	2.89553227986593	1.21590744832099
EXT01875	ryg047	F31	black	5	2.71418295738394	2.98322390167375	2.84870342952885	1.13276071987982
EXT01876	ryg047	F31	black	5	2.89031011632907	2.96968007807253	2.9299950972008	1.81418743046314
EXT01877	ryg047	F31	black	5	2.65457133207963	2.77958734715824	2.71707933961894	0.947110215920419
EXT01878	ryg047	F31	black	5	2.95758885422832	3.04576795841662	3.00167840632247	1.60730625079506
EXT01879	ryg047	F31	black	5	2.65639763622599	2.77828408262476	2.71734085942538	1.38565762394009
EXT01880	ryg047	F31	black	5	2.87555996681459	2.84644772597563	2.86100384639511	1.32298663968829
EXT01881	ryg047	F31	black	5	2.9245733880132	2.86049278946909	2.89253308874114	1.6695825140916
EXT01882	ryg047	F31	black	5	2.81416879142778	2.88338681097297	2.84877780120038	1.47891867520263
EXT01883	ryg047	F31	black	5	2.84982717640511	2.871276683729	2.86055193006705	0
EXT01884	ryg047	F31	black	5	2.78539583439587	2.79848421690813	2.791940025652	1.66927242945139
EXT01885	ryg047	F31	black	5	2.91059314121695	2.94408756153495	2.92734035137595	1.52341194661737
EXT01886	ryg047	F31	black	5	2.69757657994479	2.83852445667768	2.76805051831123	0.792780051383737
EXT01887	ryg047	F31	black	5	2.82754691118725	2.66390588717282	2.74572639918004	0
EXT01888	ryg047	F31	black	5	2.81520294892514	2.8660304839896	2.84061671645737	0
EXT01889	ryg047	F31	black	5	2.79641839358179	2.9217106914678	2.8590645425248	0
EXT01890	ryg047	F31	black	5	2.77975878443343	2.86591460222225	2.82283669332784	1.74151337562946
EXT01891	ryg047	F31	black	5	2.70202474772559	2.78809258900939	2.74505866836749	1.14603685687908
EXT01892	ryg047	F31	black	5	2.87091799637768	2.94739869238423	2.90915834438096	1.66869639961108
EXT01893	ryg047	F31	black	5	2.96806718166945	2.97512563812225	2.97159640989585	0
EXT01894	ryg047	F31	black	5	2.85119086530939	2.88649693980165	2.86884390255552	1.40900330654153
EXT01895	ryg047	F31	black	5	2.7754831578906	2.75387290214942	2.76467803002001	0
EXT01896	ryg047	F31	black	5	2.85950898918708	3.08721011466036	2.97335955192372	1.47718991180352
EXT01897	ryg047	F31	black	5	2.9001858620136	2.87279057728191	2.88648821964775	1.47168684972075
EXT01898	ryg047	F31	black	5	3.08451031891126	3.02861324144452	3.05656178017789	0
EXT01899	ryg047	F31	black	5	2.78578027383565	2.88885433151938	2.83731730267751	1.83359460291099
EXT01900	ryg047	F31	black	5	2.77487699314559	2.8192195740539	2.79704828359974	1.74025856767082
EXT01901	ryg047	F31	black	5	2.78334969111719	2.71347753972832	2.74841361542275	1.59759372575032
EXT01902	ryg047	F31	black	5	2.85125560210734	2.96784728176624	2.90955144193679	0
EXT01903	ryg047	F31	black	5	2.82245458978825	2.89056538002556	2.85650998490691	1.79752752167339
EXT01904	ryg047	F31	black	5	2.94043134664462	2.93118885771223	2.93581010217842	1.06303519791044
EXT01905	ryg047	F31	black	5	2.91422008551661	2.83605761344453	2.87513884948057	1.9512404366661
EXT01906	ryg047	F31	black	5	2.79331709880388	2.7912974922202	2.79230729551204	1.44336874034279
EXT01907	ryg047	F31	black	5	2.93784658062458	2.86189638796552	2.89987148429505	1.61823362625076
EXT01908	ryg047	F31	black	5	2.97304366103623	2.876899504894	2.92497158296512	0
EXT01909	ryg047	F31	black	5	2.86733260997232	2.93070397057641	2.89901829027437	1.59384997207361
EXT01910	ryg047	F31	black	5	2.73231950744604	2.80047978909951	2.76639964827277	1.36877166521133
EXT01911	ryg047	F31	black	5	3.17456480984813	3.15273941582414	3.16365211283613	2.09079911375299
EXT01912	ryg047	F31	black	5	2.81797088735228	2.94483084481012	2.8814008660812	1.08117815957245
EXT01913	ryg047	F31	black	5	2.84944746730851	2.96940230832966	2.90942488781909	1.44200536636054
EXT01914	ryg047	F31	black	5	2.80252511563839	2.99052507772717	2.89652509668278	1.07842641913054
EXT01915	ryg047	F31	black	5	2.80307307437242	3.10751225384472	2.95529266410857	1.69396176245268
EXT01916	ryg047	F31	black	5	2.8203279458472	2.85394869570866	2.83713832077793	1.36553345437494
EXT01917	ryg047	F31	black	5	2.78479936498104	2.87288336647932	2.82884136573018	1.15471372886013
EXT01918	ryg047	F31	black	5	2.80664539171405	2.97619225740615	2.8914188245601	1.22348055303974
EXT01919	ryg047	F31	black	5	2.71579864214873	2.8077430257945	2.76177083397161	0
EXT01920	ryg047	F31	black	5	2.82011367817206	2.93975357007406	2.87993362412306	1.74857357439336
EXT01921	ryg047	F31	black	5	2.88399325384417	2.91062655868887	2.89730990626652	1.39315725913585
EXT01922	ryg047	F31	black	5	3.0593304279596	3.11034743912974	3.08483893354467	2.04081212025443
EXT01923	ryg047	F31	black	5	2.82268496912364	2.84303902292494	2.83286199602429	1.41366056425775
EXT01924	ryg047	F31	black	5	2.70922642967779	2.90185523875566	2.80554083421673	1.73030532933687
EXT01925	ryg047	F31	black	5	2.92335910511695	2.94023452256311	2.93179681384003	1.67945569516412
EXT01926	ryg047	F31	black	5	2.85640214615361	2.90919559436111	2.88279887025736	1.60064481854999
EXT01927	ryg047	F31	black	5	3.04000082091894	2.99732309721388	3.01866195906641	1.88156893859104
EXT01928	ryg047	F31	black	5	2.88940726293231	2.83650039702615	2.86295382997923	1.72803197843959
EXT01929	ryg047	F31	black	5	2.78240925470396	2.90618402197724	2.8442966383406	0
EXT01930	ryg047	F31	black	5	2.90431943415093	2.9649176047848	2.93461851946786	1.22362385273398
EXT01931	ryg047	F31	black	5	3.2319690949059	3.25851299107688	3.24524104299139	2.21901496937164
EXT01932	ryg047	F31	black	5	2.89128338382407	2.92465178611349	2.90796758496878	0
EXT01933	ryg047	F31	black	5	2.95382494027523	2.88742489440856	2.92062491734189	0.994678132487505
EXT01934	ryg047	F31	black	5	2.81226786165092	2.79044475295198	2.80135630730145	1.25168630434589
EXT01935	ryg047	F31	black	5	2.79902119379633	2.96356924975394	2.88129522177514	1.5006975469227
EXT01936	ryg047	F31	black	5	2.74946945237128	2.95470573111769	2.85208759174448	1.49019299474005
EXT01937	ryg047	F31	black	5	2.83995297667668	2.97789556020951	2.90892426844309	1.12388419281152
EXT01938	ryg047	F31	black	5	2.8428365849199	2.71581679569351	2.7793266903067	0
EXT01939	ryg047	F31	black	5	2.77267612905745	2.7865484119512	2.77961227050433	0.971570140413511
EXT01940	ryg047	F31	black	5	2.79651593406411	2.9103935613352	2.85345474769965	1.00778023800348
EXT01941	ryg047	F31	black	5	2.91016316232662	2.98339983675042	2.94678149953852	1.85081509163748
EXT01942	ryg047	F31	black	5	2.78598553241287	2.9611630347796	2.87357428359624	1.06772934784722
EXT01943	ryg047	F31	black	5	2.85541670242885	2.89067237570591	2.87304453906738	1.69232229315076
EXT01944	ryg047	F31	black	5	2.95810304359771	2.96196264768346	2.96003284564059	1.63566574262644
EXT01945	ryg047	F31	black	5	2.8773417012806	2.92046487265256	2.89890328696658	1.20931912088375
EXT01946	ryg047	F31	black	5	2.88011471901353	2.90099123538505	2.89055297719929	1.53058896872702
EXT01947	ryg047	F31	black	5	2.81391379518342	2.91881338899788	2.86636359209065	1.04820322760686
EXT01948	ryg047	F31	black	5	2.71115087207404	2.89337149100864	2.80226118154134	1.72435265319057
EXT01949	ryg047	F31	black	5	2.66169715671834	2.9755218373602	2.81860949703927	0
EXT01950	ryg047	F31	black	5	2.73215803842053	2.93919306163019	2.83567555002536	1.71945682445029
EXT01951	ryg047	F31	black	5	2.92438095443701	2.86631329917794	2.89534712680747	1.74899221799355
EXT01952	ryg047	F31	black	5	2.87202015015391	2.85350360373557	2.86276187694474	1.48105410377316
EXT01953	ryg047	F31	black	5	2.96796258413913	2.99520768571663	2.98158513492788	1.28572722589407
EXT01954	ryg047	F31	black	5	2.60990588409332	2.97971866642209	2.7948122752577	0.841505819342509
EXT01955	ryg047	F31	black	5	2.81647789666955	2.98217863519666	2.89932826593311	1.19077827575551
EXT01956	ryg047	F31	black	5	2.92999636746724	2.94159049974018	2.93579343360371	1.66771457864119
EXT01957	ryg047	F31	black	5	2.85620381101002	2.84583544252412	2.85101962676707	0
EXT01958	ryg047	F31	black	5	2.84515983980949	2.79382644858669	2.81949314419809	1.47758607294235
EXT01959	ryg047	F31	black	5	2.69951428137841	2.81939476461704	2.75945452299773	1.779393851759
EXT01960	ryg047	F31	black	5	2.74818708234854	2.73729084259808	2.74273896247331	1.05388294494484
EXT01961	ryg047	F31	black	5	2.88450461612942	2.94884047068633	2.91667254340787	1.38658852749851
EXT01962	ryg047	F31	black	5	2.85318949088516	2.9520732920597	2.90263139147243	0.799988800837946
EXT01963	ryg047	F31	black	5	2.8584488308931	2.93888032568246	2.89866457828778	1.70334301275871
EXT01964	ryg047	F31	black	5	2.67020735272124	2.97014173643464	2.82017454457794	1.44881093318474
EXT01965	ryg047	F31	black	5	2.82882204943516	2.84653336604134	2.83767770773825	1.39989369470833
EXT01966	ryg047	F31	black	5	2.80041917027883	2.78979628288226	2.79510772658055	1.24972830091827
EXT01967	ryg047	F31	black	5	2.86905947403392	2.85746214946274	2.86326081174833	1.472310163902
EXT01968	ryg047	F31	black	5	2.90870136999484	2.88846661810875	2.89858399405179	0.967169642856559
EXT01969	ryg047	F31	black	5	2.7482407165984	2.9250533118786	2.8366470142385	1.65691980689566
EXT01970	ryg047	F31	black	5	2.8348286922467	2.96370482890613	2.89926676057641	1.15090289503042
EXT01971	ryg047	F31	black	5	2.91118080283596	2.96239400916616	2.93678740600106	0.863618943370742
EXT01972	ryg047	F31	black	5	2.83321839177039	2.85240329958226	2.84281084567633	1.69730528588601
EXT01973	ryg047	F31	black	5	2.74303968134359	2.83000156721335	2.78652062427847	0.817583518269109
EXT01974	ryg047	F31	black	5	2.85807859780118	2.82912950231548	2.84360405005833	1.78480660196484
EXT01975	ryg047	F31	black	5	2.83389454101194	2.84068576282724	2.83729015191959	0
EXT01976	ryg047	F31	black	5	2.86418541877936	2.88653716499914	2.87536129188925	1.45750436454147
EXT01977	ryg047	F31	black	5	3.04680688758523	3.0932747988444	3.07004084321481	0
EXT01978	ryg047	F31	black	5	2.73407491430593	3.01561153822076	2.87484322626335	1.44224158104572
EXT01979	ryg047	F31	black	5	2.83584658472746	2.87541643310027	2.85563150891387	1.84542273333397
EXT01980	ryg047	F31	black	5	2.85098805817501	2.9393392616068	2.89516365989091	1.61425845622898
EXT01981	ryg047	F31	black	5	2.91524220443324	2.97770752148448	2.94647486295886	1.17547411308301
EXT01982	ryg047	F31	black	5	2.77637788944446	2.88382639245639	2.83010214095042	1.05477069372077
EXT01983	ryg047	F31	black	5	2.88006202323884	2.88671750772987	2.88338976548435	1.93055251538013
EXT01984	ryg047	F31	black	5	2.95108341573284	2.91540780455343	2.93324561014314	1.39054048332497
EXT01985	ryg047	F31	black	5	2.93196593858658	3.0196402763516	2.97580310746909	1.30721356677278
EXT01986	ryg047	F31	black	5	2.78921847278379	2.83617466471117	2.81269656874748	1.68949471388582
EXT01987	ryg047	F31	black	5	2.91576329660075	2.96330402785552	2.93953366222814	1.32866564652408
EXT01988	ryg047	F31	black	5	2.87688220712401	2.9548934821012	2.91588784461261	1.26672084909124
EXT01989	ryg047	F31	black	5	2.5895913647029	3.00333585507379	2.79646360988835	1.28816913216824
EXT01990	ryg047	F31	black	5	2.91935131658457	2.9232180887952	2.92128470268988	1.6794096492847
EXT01991	ryg047	F31	black	5	2.85044246222846	2.87139964687576	2.86092105455211	1.68234900985437
EXT01992	ryg047	F31	black	5	2.34859646318079	2.95367475215821	2.6511356076695	1.29546500324132
EXT01993	ryg047	F31	black	5	2.8025586693041	2.87925139414265	2.84090503172337	1.12755795644285
EXT01994	ryg047	F31	black	5	2.77004139903454	2.84114512813049	2.80559326358251	1.48855409231929
EXT01995	ryg047	F31	black	5	2.75295187078317	2.84812346922077	2.80053767000197	1.36747596548372
EXT01996	ryg047	F31	black	5	2.89354185898833	2.90092212240948	2.8972319906989	0
EXT01997	ryg047	F31	black	5	2.86377602974268	2.9102413098486	2.88700866979564	0.935861732237059
EXT01998	ryg047	F31	black	5	2.894813570462	2.88366768166712	2.88924062606456	1.60330030257527
EXT01999	ryg047	F31	black	5	2.70889234584176	2.92586588575459	2.81737911579818	0.76005447073238
EXT02000	ryg047	F31	black	5	2.91934514469261	2.95776674596271	2.93855594532766	1.16047437623139
EXT02001	ryg047	F31	black	5	2.53709910611078	2.90218305038614	2.71964107824846	1.02328196784821
EXT02002	ryg047	F31	black	5	2.7705381999955	2.88213785237136	2.82633802618343	1.40224122665043
EXT02003	ryg047	F31	black	5	2.93497912759795	2.88758935933929	2.91128424346862	1.04882644307607
EXT02004	ryg047	F31	black	5	3.00665744441928	3.1936955655016	3.10017650496044	0
EXT02005	ryg047	F31	black	5	2.90639027115883	2.99794145701069	2.95216586408476	0.930156568147315
EXT02006	ryg047	F31	black	5	2.83417505939209	2.8782197260293	2.8561973927107	1.52069512888335
EXT02007	ryg047	F31	black	5	2.78844874900021	3.02748548289804	2.90796711594913	1.26263305047
EXT02008	ryg047	F31	black	5	2.89596785782919	2.89016061507361	2.8930642364514	1.88897330764236
EXT02009	ryg047	F31	black	5	2.84121133063963	2.92576765180837	2.883489491224	1.43879100102284
EXT02010	ryg047	F31	black	5	2.77992834428315	3.00705369984596	2.89349102206456	1.47787884002897
EXT02011	ryg047	F31	black	5	2.62920871248179	2.70398061058476	2.66659466153327	1.12889730801655
EXT02012	ryg047	F31	black	5	2.87356958861548	2.83759947922788	2.85558453392168	1.50299266011673
EXT02013	ryg047	F31	black	5	2.83134509936133	3.01189586979413	2.92162048457773	0
EXT02014	ryg047	F31	black	5	2.83320329076961	2.90661269570594	2.86990799323778	1.75274848317084
EXT02015	ryg047	F31	black	5	2.84420180352504	2.81960575483622	2.83190377918063	1.22709338067877
EXT02016	ryg047	F31	black	5	2.7479558499555	2.75877128099663	2.75336356547606	0.893517701328549
EXT02017	ryg047	F31	black	5	2.82645597145208	3.04985290037276	2.93815443591242	0
EXT02018	ryg047	F31	black	5	2.90513138396627	2.99674927369683	2.95094032883155	1.56758995355571
EXT02019	ryg047	F31	black	5	2.76866055362388	2.85397041931073	2.8113154864673	1.24015587872668
EXT02020	ryg047	F31	black	5	2.85895386289	2.86244462573674	2.86069924431337	0
EXT02021	ryg047	F31	black	5	2.71292549811626	2.75469521294993	2.73381035553309	1.22122855564924
EXT02022	ryg047	F31	black	5	2.80116377455282	2.87386399137594	2.83751388296438	1.11385455857909
EXT02023	ryg047	F31	black	5	2.79932927447409	3.10363600460818	2.95148263954113	0
EXT02024	ryg047	F31	black	5	2.79010823314818	2.85133782744456	2.82072303029637	1.43903910276731
EXT02025	ryg047	F31	black	5	2.54533443124063	2.93090703254141	2.73812073189102	0.972701336525113
EXT02026	ryg047	F31	black	5	2.83316414661922	2.98180538193931	2.90748476427927	1.54627995779636
EXT02027	ryg047	F31	black	5	2.79923415900529	2.90686150147045	2.85304783023787	0
EXT02028	ryg047	F31	black	5	2.90168108167088	2.88344815719321	2.89256461943204	1.42759243677068
EXT02029	ryg047	F31	black	5	2.74876979653177	2.86882813320255	2.80879896486716	1.53928611384653
EXT02030	ryg047	F31	black	5	2.83890787461209	2.96888125055139	2.90389456258174	1.34922079478745
EXT02031	ryg047	F31	black	5	2.85313417001663	2.88443339736989	2.86878378369326	1.68308032588613
EXT02032	ryg047	F31	black	5	2.9147826774737	2.89338178542264	2.90408223144817	1.55546750721074
EXT02033	ryg047	F31	black	5	2.75745009104306	2.88056010852099	2.81900509978202	1.69067423770448
EXT02034	ryg047	F31	black	5	2.86029300363358	2.92492567698354	2.89260934030856	1.4769281980472
EXT02035	ryg047	F31	black	5	2.9063022797952	2.96254533783202	2.93442380881361	1.5841294245769
EXT02036	ryg047	F31	black	5	2.88672353491555	2.85001797709641	2.86837075600598	1.35513166186678
EXT02037	ryg047	F31	black	5	2.76876162445969	2.87497719702849	2.82186941074409	0
EXT02038	ryg047	F31	black	5	2.81560792261213	2.89106965746957	2.85333879004085	0.819674382489443
EXT02039	ryg047	F31	black	5	2.88497796773137	2.77450640973291	2.82974218873214	0
EXT02040	ryg047	F31	black	5	2.79132188760729	2.84293554668172	2.8171287171445	1.30348826477485
EXT02041	ryg047	F31	black	5	2.85470289426473	3.03663533447088	2.94566911436781	1.61988308945688
EXT02042	ryg047	F31	black	5	2.8805689511526	2.86987446436313	2.87522170775787	1.32891260843409
EXT02043	ryg047	F31	black	5	2.85178883919363	2.83024174821303	2.84101529370333	0.936091377585023
EXT02044	ryg047	F31	black	5	2.80508639436537	2.93678456466992	2.87093547951764	1.56204608281413
EXT02045	ryg047	F31	black	5	2.83070295017547	2.93472685984334	2.8827149050094	1.30074246029936
EXT02046	ryg047	F31	black	5	2.63933488067614	2.90648369149006	2.7729092860831	1.08935552148832
EXT02047	ryg047	F31	black	5	3.12221231376221	3.08731170576545	3.10476200976383	1.55723008228614
EXT02048	ryg047	F31	black	5	2.80327499356886	2.83259523633867	2.81793511495377	1.51799331585071
EXT02049	ryg047	F31	black	5	3.07395080067745	3.02815281070041	3.05105180568893	1.97395229820411
EXT02050	ryg047	F31	black	5	2.84490167159115	2.89254087971011	2.86872127565063	1.68421904616162
EXT02051	ryg047	F31	black	5	2.90863512661109	2.89754950279807	2.90309231470458	1.76673155014275
EXT02052	ryg047	F31	black	5	3.00923831235335	2.98625689855947	2.99774760545641	1.80996847176202
EXT02053	ryg047	F31	black	5	2.94346462099558	2.92521535179653	2.93433998639606	1.62364140591595
EXT02054	ryg047	F31	black	5	2.84191892943418	2.85706167253227	2.84949030098323	1.26925296087118
EXT02055	ryg047	F31	black	5	3.17335912113618	3.2048312784347	3.18909519978544	0
EXT02056	ryg047	F31	black	5	2.87964007439662	2.83925196032718	2.8594460173619	1.3286960024956
EXT02057	ryg047	F31	black	5	2.90858280372208	2.84414611998291	2.87636446185249	1.5805746645441
EXT02058	ryg047	F31	black	5	2.9586540138747	2.87027910279564	2.91446655833517	1.37931163038529
EXT02059	ryg047	F31	black	5	2.83365516267337	2.81052141745216	2.82208829006277	1.34676503301582
EXT02060	ryg047	F31	black	5	2.9462811939119	2.99972976815533	2.97300548103362	0
EXT02061	ryg047	F31	black	5	2.86448345664026	2.84406204103504	2.85427274883765	1.30650715312128
EXT02062	ryg047	F31	black	5	2.685375466116	2.77495608631834	2.73016577621717	0.751327570009342
EXT02063	ryg047	F31	black	5	2.74738811906263	2.86402322288623	2.80570567097443	1.27565710097005
EXT02064	ryg047	F31	black	5	2.83301467737067	2.97047612229256	2.90174539983161	0.82020565012588
EXT02065	ryg047	F31	black	5	2.78052258784568	2.89347382186703	2.83699820485635	0.784244696990723
EXT02066	ryg047	F31	black	5	2.87195243388898	2.86054119386962	2.8662468138793	1.36745908377099
EXT02067	ryg047	F31	black	5	2.86087856026588	2.84962596165596	2.85525226096092	0.893987538136321
EXT02068	ryg047	F31	black	5	2.82291429697865	2.94513721277281	2.88402575487573	1.5042432679138
EXT02069	ryg047	F31	black	5	2.80314886919592	2.93792514497873	2.87053700708732	1.47912244146279
EXT02070	ryg047	F31	black	5	2.79143734080405	2.88638912433741	2.83891323257073	1.30409967559275
EXT02071	ryg047	F31	black	5	2.88075792395086	2.85855320988511	2.86965556691799	0.842342775678772
EXT02072	ryg047	F31	black	5	2.71640306535098	2.89097346281451	2.80368826408274	1.29687974271833
EXT02073	ryg047	F31	black	5	2.81877822516507	2.90047302660484	2.85962562588496	0.88188183891822
EXT02074	ryg047	F31	black	5	2.81950586329699	2.81164332831573	2.81557459580636	1.6492934261242
EXT02075	ryg047	F31	black	5	2.6843195661322	2.92597950693806	2.80514953653513	1.61632273693318
EXT02076	ryg047	F31	black	5	2.88551251037493	3.0145960005724	2.95005425547366	0
EXT02077	ryg047	F31	black	5	2.9058268117951	2.8645608472341	2.8851938295146	1.71384457514598
EXT02078	ryg047	F31	black	5	2.7967126366253	2.86217408679572	2.82944336171051	1.44281711169236
EXT02079	ryg047	F31	black	5	2.8497143233996	2.85832823700196	2.85402128020078	1.72016243928961
EXT02080	ryg047	F31	black	5	2.72540270015907	3.02046236449711	2.87293253232809	1.22513680186119
EXT02081	ryg047	F31	black	5	2.80641296107117	2.91773808215131	2.86207552161124	1.68470970488179
EXT02082	ryg047	F31	black	5	2.77429191100401	2.91754448824761	2.84591819962581	0.853761146317022
EXT02083	ryg047	F31	black	5	2.88340102145175	2.91507858376915	2.89923980261045	1.65936262320531
EXT02084	ryg047	F31	black	5	2.80831182145526	2.98165315720756	2.89498248933141	1.65043411875196
EXT02085	ryg047	F31	black	5	2.84434736277677	2.83609107515868	2.84021921896773	1.87977291031848
EXT02086	ryg047	F31	black	5	2.80585343195228	2.92043778731548	2.86314560963388	1.53377343983458
EXT02087	ryg047	F31	black	5	2.86098984962228	2.81973163301244	2.84036074131736	0
EXT02088	ryg047	F31	black	5	2.98240474604313	3.02578984599507	3.0040972960191	0
EXT02089	ryg047	F31	black	5	2.66284066318892	2.84810930943856	2.75547498631374	1.35096476583114
EXT02090	ryg047	F31	black	5	2.87277694539923	2.8372340164443	2.85500548092177	1.24882402523578
EXT02091	ryg047	F31	black	5	2.82282191569675	2.88205698270387	2.85243944920031	1.5969915164079
EXT02092	ryg047	F31	black	5	2.84903303310718	2.87717767738412	2.86310535524565	1.4592418645488
EXT02093	ryg047	F31	black	5	2.84331749145504	3.01820215978819	2.93075982562162	1.60877096379818
EXT02094	ryg047	F31	black	5	2.90688285877553	3.02228217507	2.96458251692276	1.77591137640137
EXT02095	ryg047	F31	black	5	2.73306252429008	3.00277836600779	2.86792044514893	1.49951550536256
EXT02096	ryg047	F31	black	5	2.79952943421516	2.74467748520719	2.77210345971117	1.23453966731132
EXT02097	ryg047	F31	black	5	2.8828855009786	2.94685559457406	2.91487054777633	1.55647228029468
EXT02098	ryg047	F31	black	5	2.89113219362186	2.92750904270189	2.90932061816187	1.80090965434077
EXT02099	ryg047	F31	black	5	2.78841566569699	2.91299830334465	2.85070698452082	1.40500267363504
EXT02100	ryg047	F31	black	5	2.84642958507114	2.87148103581414	2.85895531044264	1.3181370839475
EXT02101	ryg047	F31	black	5	2.81933365666792	2.86504926269824	2.84219145968308	1.43549200676493
EXT02102	ryg047	F31	black	5	2.8064622089761	2.85109278045592	2.82877749471601	1.17931105655938
EXT02103	ryg047	F31	black	5	2.76127606857749	2.91738489645259	2.83933048251504	0.921152387366847
EXT02104	ryg047	F31	black	5	2.76171857925643	2.95143610313618	2.8565773411963	1.26917206744547
EXT02105	ryg047	F31	black	5	2.63108345661488	2.93702052449933	2.7840519905571	1.0191935607781
EXT02106	ryg047	F31	black	5	2.73910548798206	2.84625753649916	2.79268151224061	1.72326285307702
EXT02107	ryg047	F31	black	5	2.81366580357377	2.86582983500429	2.83974781928903	1.779066496665
EXT02108	ryg047	F31	black	5	2.92602054562156	2.96337240611951	2.94469647587053	1.66201605945687
EXT02109	ryg047	F31	black	5	2.73410270044396	2.99003869189186	2.86207069616791	1.84935896297239
EXT02110	ryg047	F31	black	5	2.43994436110216	2.73344028906421	2.58669232508318	1.94616899159051
EXT02111	ryg047	F31	black	5	2.93223779894943	2.88866610547073	2.91045195221008	1.93454534660197
EXT02112	ryg047	F31	black	5	2.60566325337708	2.86375276609383	2.73470800973546	1.62269427909332
EXT02113	ryg047	F31	black	5	2.81758604525043	2.93791486312306	2.87775045418675	1.45420638931302
EXT02114	ryg047	F31	black	5	2.8857303919496	2.90122081573469	2.89347560384214	1.46960783917229
EXT02115	ryg047	F31	black	5	2.79091095144935	2.86887943655355	2.82989519400145	1.51219183138104
EXT02116	ryg047	F31	black	5	2.78577857712228	2.82061345701919	2.80319601707073	1.32822373553493
EXT02117	ryg047	F31	black	5	2.89088866288585	2.96476852709931	2.92782859499258	1.30946095959233
EXT02118	ryg047	F31	black	5	2.73094901361214	2.88256708224429	2.80675804792822	1.37008322609247
EXT02119	ryg047	F31	black	5	2.82340578053717	2.92638497538282	2.87489537795999	1.19115645587391
EXT02120	ryg047	F31	black	5	2.73038440623394	2.85768211172911	2.79403325898153	0.648867652088542
EXT02121	ryg047	F31	black	5	2.94287140532966	3.02655597326559	2.98471368929763	1.45505707819691
EXT02122	ryg047	F31	black	5	2.65784657663707	2.7637865197438	2.71081654819044	1.43439523548081
EXT02123	ryg047	F31	black	5	2.88591104809102	2.99505858457658	2.9404848163338	1.45977582906603
EXT02124	ryg047	F31	black	5	2.65743215162264	2.82702812991287	2.74223014076776	1.23538297701841
EXT02125	ryg047	F31	black	5	2.70419483665026	2.8153799191466	2.75978737789843	1.5504332136407
EXT02126	ryg047	F31	black	5	2.70602832166245	2.79794458275513	2.75198645220879	1.32866563766081
EXT02127	ryg047	F31	black	5	2.84787289544136	2.95784257594586	2.90285773569361	1.88891898435294
EXT02128	ryg047	F31	black	5	2.68930911709639	2.90706936982663	2.79818924346151	1.57003459435049
EXT02129	ryg047	F31	black	5	2.8863612381095	2.86490983201452	2.87563553506201	1.57188673594795
EXT02130	ryg047	F31	black	5	2.81641682748314	2.91853673623161	2.86747678185738	1.26283711989287
EXT02131	ryg047	F31	black	5	2.82509081715188	2.88539291219	2.85524186467094	0
EXT02132	ryg047	F31	black	5	2.87764780470599	2.89357266450952	2.88561023460775	0.804172624011632
EXT02133	ryg047	F31	black	5	2.76742355285018	2.80850791367979	2.78796573326499	1.02767926921691
EXT02134	ryg047	F31	black	5	2.83823344700049	2.95337654827711	2.8958049976388	1.17674598244469
EXT02135	ryg047	F31	black	5	2.78650256748652	2.9526688263855	2.86958569693601	1.56488500363026
EXT02136	ryg047	F31	black	5	2.75445542810624	2.83102022457299	2.79273782633961	1.75478065703213
EXT02137	ryg047	F31	black	5	2.60908938927703	2.85945067962913	2.73427003445308	1.14531795544099
EXT02138	ryg047	F31	black	5	2.81372717249982	2.91328098830689	2.86350408040336	1.59798574765565
EXT02139	ryg047	F31	black	5	3.01466958977862	2.96476834501072	2.98971896739467	1.81018036324348
EXT02140	ryg047	F31	black	5	2.85886151904882	2.9482788593578	2.90357018920331	1.35247686180849
EXT02141	ryg047	F31	black	5	2.74311524540745	2.82144738949463	2.78228131745104	1.05997085601516
EXT02142	ryg047	F31	black	5	3.12091264326352	3.21705180347969	3.1689822233716	0
EXT02143	ryg047	F31	black	5	2.83209045380015	2.86987821309622	2.85098433344819	1.53760609076614
EXT02144	ryg047	F31	black	5	2.88093976646632	2.83951286014898	2.86022631330765	1.70981703769955
EXT02145	ryg047	F31	black	5	2.86195857173604	2.9451306264448	2.90354459909042	0.902759944521596
EXT02146	ryg047	F31	black	5	2.92266700373389	2.92987674850518	2.92627187611953	0
EXT02147	ryg047	F31	black	5	2.86499553153113	2.8951237960751	2.88005966380312	1.15080733741407
EXT02148	ryg047	F31	black	5	2.44260242842435	2.91441575180344	2.67850909011389	1.6993570018492
EXT02149	ryg047	F31	black	5	2.92203609151149	2.92596517616512	2.92400063383831	1.80873197342956
EXT02150	ryg047	F31	black	5	2.72153292569276	2.78329769685871	2.75241531127573	1.09559856606416
EXT02151	ryg047	F31	black	5	2.78923217247656	2.91651259233101	2.85287238240379	1.43307617836813
EXT02152	ryg047	F31	black	5	2.86875957110177	2.97010681569993	2.91943319340085	1.4192535158884
EXT02153	ryg047	F31	black	5	2.94989277769736	2.8445571436566	2.89722496067698	1.17416594453796
EXT02154	ryg047	F31	black	5	2.7580804880853	2.86588549158572	2.81198298983551	1.55937841836955
EXT02155	ryg047	F31	black	5	2.76719966021567	2.97431410319369	2.87075688170468	0
EXT02156	ryg047	F31	black	5	2.8286082250847	2.88221959487085	2.85541390997777	1.23019919189231
EXT02157	ryg047	F31	black	5	2.79265355964394	2.82375301468086	2.8082032871624	1.42964672437519
EXT02158	ryg047	F31	black	5	3.10674058944044	3.03963513886489	3.07318786415267	0
EXT02159	ryg047	F31	black	5	2.70588760074157	2.79772295310455	2.75180527692306	1.16478810541081
EXT02160	ryg047	F31	black	5	2.82851102788733	2.8882225604591	2.85836679417321	1.22601637781315
EXT02161	ryg047	F31	black	5	2.79575185105071	3.07047089167574	2.93311137136322	1.75840968054104
EXT02162	ryg047	F31	black	5	2.93126505862754	3.02462465561826	2.9779448571229	1.62711357873255
EXT02163	ryg047	F31	black	5	2.3110145563466	2.97121099645548	2.64111277640104	1.61367741261088
EXT02164	ryg047	F31	black	5	2.89474431673959	2.85688048579212	2.87581240126586	1.61630698722166
EXT02165	ryg047	F31	black	5	2.72910591259088	2.9977248070439	2.86341535981739	1.08413224186946
EXT02166	ryg047	F31	black	5	2.94292685283948	3.06407334525221	3.00350009904585	1.55839713097258
EXT02167	ryg047	F31	black	6	2.85315872478956	2.68872601226125	2.77094236852541	1.44632560489807
EXT02168	ryg047	F31	black	6	2.71479499716166	2.66553777312436	2.69016638514301	0.926947017818326
EXT02169	ryg047	F31	black	6	1.6946797877749	1.91585800819238	1.80526889798364	0
EXT02170	ryg047	F31	black	6	2.6744857585466	2.63654649406432	2.65551612630546	1.45072697348468
EXT02171	ryg047	F31	black	6	2.87826513446187	2.75463767294546	2.81645140370367	1.23035101884793
EXT02172	ryg047	F31	black	6	2.88173140856474	2.66461538235673	2.77317339546074	0
EXT02173	ryg047	F31	black	6	2.95598876456771	2.83798807475138	2.89698841965955	0
EXT02174	ryg047	F31	black	6	2.77668764605137	2.71021716844309	2.74345240724723	0
EXT02175	ryg047	F31	black	6	2.80935683058627	2.72252559169453	2.7659412111404	1.32424508291834
EXT02176	ryg047	F31	black	6	2.61062428512582	2.39027595351555	2.50045011932068	1.36136769710308
EXT02177	ryg047	F31	black	6	0	2.22203938226664	1.11101969113332	1.6510387383207
EXT02178	ryg047	F31	black	6	2.81849874100483	2.75862714641727	2.78856294371105	1.05347371598779
EXT02179	ryg047	F31	black	6	2.69642867242735	2.70288348619278	2.69965607931006	1.80414355506917
EXT02180	ryg047	F31	black	6	2.59159449315463	2.57221957239396	2.5819070327743	1.37403835212293
EXT02181	ryg047	F31	black	6	2.81099484786814	2.88352847060605	2.84726165923709	0.980238236970294
EXT02182	ryg047	F31	black	6	2.74888750499395	2.87580742221133	2.81234746360264	0
EXT02183	ryg047	F31	black	6	2.8616480481293	2.60967862308869	2.735663335609	0
EXT02184	ryg047	F31	black	6	2.87762438489943	2.70171675413394	2.78967056951669	1.24397230156951
EXT02185	ryg047	F31	black	6	1.94014747714594	2.46882123410284	2.20448435562439	0
EXT02186	ryg047	F31	black	6	2.74573069103136	2.47094364258673	2.60833716680904	1.50506671479481
EXT02187	ryg047	F31	black	6	2.77985817664379	2.88946527114585	2.83466172389482	1.72878313885881
EXT02188	ryg047	F31	black	6	2.87254887690901	2.83508530432788	2.85381709061845	1.64376442797909
EXT02189	ryg047	F31	black	6	2.73466601665451	2.4859167567424	2.61029138669845	1.26279254075748
EXT02190	ryg047	F31	black	6	2.43937826778492	2.37026368411415	2.40482097594954	0
EXT02191	ryg047	F31	black	6	2.49428690645839	2.52434536630089	2.50931613637964	1.32088155291723
EXT02192	ryg047	F31	black	6	2.74119944675996	2.84038548850514	2.79079246763255	1.27300477355512
EXT02193	ryg047	F31	black	6	2.85145254338221	2.80701707584299	2.8292348096126	1.87531640685805
EXT02194	ryg047	F31	black	6	2.81073009366789	2.74463319062137	2.77768164214463	1.46909347515206
EXT02195	ryg047	F31	black	6	1.98331277748492	1.81311487937329	1.89821382842911	1.48891363921999
EXT02196	ryg047	F31	black	6	2.48284950739569	2.54686129543763	2.51485540141666	1.53511453575812
EXT02197	ryg047	F31	black	6	2.82853717675564	2.76815455859099	2.79834586767331	0.834844166109975
EXT02198	ryg047	F31	black	6	2.65297448570556	2.57971127572015	2.61634288071285	0
EXT02199	ryg047	F31	black	6	2.77335058312996	2.8289044015434	2.80112749233668	1.98294218635264
EXT02200	ryg047	F31	black	6	2.64717997458847	2.56757333513072	2.60737665485959	1.09381022384074
EXT02201	ryg047	F31	black	6	2.70203343204696	2.56616265270842	2.63409804237769	1.17021898468874
EXT02202	ryg047	F31	black	6	2.6322954497011	2.43238519582374	2.53234032276242	1.04295447190286
EXT02203	ryg047	F31	black	6	2.64862184838965	2.40126405416886	2.52494295127926	1.4689734096285
EXT02204	ryg047	F31	black	6	2.94984362320584	2.65895918685284	2.80440140502934	0
EXT02205	ryg047	F31	black	6	2.83479369247019	2.74902707665762	2.79191038456391	1.02471188106837
EXT02206	ryg047	F31	black	6	2.93512098061466	2.87268931184382	2.90390514622924	1.64295921243155
EXT02207	ryg047	F31	black	6	2.55256292872697	2.66698130924251	2.60977211898474	0
EXT02208	ryg047	F31	black	6	2.63108648470498	2.44540309923966	2.53824479197232	1.35555414214566
EXT02209	ryg047	F31	black	6	1.75364392335832	2.2717456140079	2.01269476868311	0
EXT02210	ryg047	F31	black	6	2.77882459532897	2.62851479459279	2.70366969496088	1.71640001675
EXT02211	ryg047	F31	black	6	2.86344278707607	2.80025032971061	2.83184655839334	0.990980392344417
EXT02212	ryg047	F31	black	6	2.77575482460635	2.7290788502202	2.75241683741327	0
EXT02213	ryg047	F31	black	6	1.09058680111126	1.73526601923231	1.41292641017179	1.09058680111126
EXT02214	ryg047	F31	black	6	2.99955575923831	2.77018710537946	2.88487143230888	0
EXT02215	ryg047	F31	black	6	2.71883598419611	2.68500469634672	2.70192034027141	1.7048763534662
EXT02216	ryg047	F31	black	6	2.53933805501372	2.57115553152483	2.55524679326928	1.09371137925323
EXT02217	ryg047	F31	black	6	2.72912583145802	2.65426987046079	2.6916978509594	1.15438505307578
EXT02218	ryg047	F31	black	6	2.83357675730624	2.91873872832857	2.87615774281741	1.74684572679124
EXT02219	ryg047	F31	black	6	2.64679594234148	2.34489489087768	2.49584541660958	0
EXT02220	ryg047	F31	black	6	0	1.81812895086262	0.909064475431311	1.69099998292388
EXT02221	ryg047	F31	black	6	2.77132811530804	2.7362401594282	2.75378413736812	0.912544865695998
EXT02222	ryg047	F31	black	6	2.92941392706183	2.7637270820076	2.84657050453471	0
EXT02223	ryg047	F31	black	6	2.79359480492444	2.78022970498516	2.7869122549548	1.38522893583555
EXT02224	ryg047	F31	black	6	2.72681974959132	2.77374246970613	2.75028110964872	1.43398321494123
EXT02225	ryg047	F31	black	6	2.21761306560352	2.44349991402954	2.33055648981653	1.67917820605415
EXT02226	ryg047	F31	black	6	2.7063762079276	2.6379694832108	2.6721728455692	1.00027463078436
EXT02227	ryg047	F31	black	6	2.56521835043331	2.50972931769864	2.53747383406598	1.20896019822782
EXT02228	ryg047	F31	black	6	2.75092411613388	2.71675157644629	2.73383784629009	1.17506991090816
EXT02229	ryg047	F31	black	6	2.78794073568059	2.551586604058	2.6697636698693	1.31097391060003
EXT02230	ryg047	F31	black	6	2.64921669822295	2.71335488748395	2.68128579285345	1.06140443529285
EXT02231	ryg047	F31	black	6	2.78683267146809	2.66553391378159	2.72618329262484	1.37161710617545
EXT02232	ryg047	F31	black	6	1.21455737680712	2.02829477060134	1.62142607370423	1.21455737680712
EXT02233	ryg047	F31	black	6	2.80540636506011	2.80540636506011	2.80540636506011	1.4272930681148
EXT02234	ryg047	F31	black	6	2.73015749745102	2.65518798212786	2.69267273978944	1.20791564296667
EXT02235	ryg047	F31	black	6	2.87808934346014	2.78943324154664	2.83376129250339	1.34812328706917
EXT02236	ryg047	F31	black	6	2.80514148418486	2.67335492607209	2.73924820512848	1.50873540656424
EXT02237	ryg047	F31	black	6	1.58882263629787	1.58882263629787	1.58882263629787	0
EXT02238	ryg047	F31	black	6	2.78975819863622	2.77089162895057	2.7803249137934	0
EXT02239	ryg047	F31	black	6	2.5378038141505	2.57761519531858	2.55770950473454	1.27804499983743
EXT02240	ryg047	F31	black	6	2.14879749465604	2.3722662470308	2.26053187084342	1.46911205070441
EXT02241	ryg047	F31	black	6	1.23492284794334	0	0.61746142397167	1.89121409148876
EXT02242	ryg047	F31	black	6	2.81377210191135	2.71153962221336	2.76265586206236	1.37507283280398
EXT02243	ryg047	F31	black	6	1.72302955624647	1.971230499781	1.84713002801373	1.51544329205617
EXT02244	ryg047	F31	black	6	1.51969102653946	1.64977485265725	1.58473293959836	0.988138674738917
EXT02245	ryg047	F31	black	6	1.56108972074915	1.21640018683458	1.38874495379187	0
EXT02246	ryg047	F31	black	6	2.01809372467522	1.80084768758989	1.90947070613255	0
EXT02247	ryg047	F31	black	6	2.71853294833862	2.72067636460142	2.71960465647002	0
EXT02248	ryg047	F31	black	6	2.78352129813763	2.64005031197479	2.71178580505621	1.40191575032982
EXT02249	ryg047	F31	black	6	1.66660707930008	1.66660707930008	1.66660707930008	0
EXT02250	ryg047	F31	black	6	2.78026641304005	2.79020866903545	2.78523754103775	1.48058127490437
EXT02251	ryg047	F31	black	6	0	2.71863138979206	1.35931569489603	0
EXT02252	ryg047	F31	black	6	2.25593243034568	2.18187423909162	2.21890333471865	1.02167163702845
EXT02253	ryg047	F31	black	6	2.78971049445276	2.78364766706904	2.7866790807609	0
EXT02254	ryg047	F31	black	6	1.25566493227546	2.12232645502987	1.68899569365267	0
EXT02255	ryg047	F31	black	6	2.6158534202804	2.53396892860088	2.57491117444064	1.37882381653692
EXT02256	ryg047	F31	black	6	2.81465285035084	2.7478616568179	2.78125725358437	1.83060123233262
EXT02257	ryg047	F31	black	6	2.67882229670936	2.64764242803844	2.6632323623739	1.21240870012145
EXT02258	ryg047	F31	black	6	2.83885694049277	2.76270214024111	2.80077954036694	1.98106623098739
EXT02259	ryg047	F31	black	6	2.72647174579145	2.73149378676549	2.72898276627847	1.0763022494554
EXT02260	ryg047	F31	black	6	2.87934756501394	2.82879016723008	2.85406886612201	1.10291791681341
EXT02261	ryg047	F31	black	6	2.42105549491274	2.30568259081476	2.36336904286375	1.49402454195842
EXT02262	ryg047	F31	black	6	2.38023068227201	2.39623691626369	2.38823379926785	0
EXT02263	ryg047	F31	black	6	2.5507625125807	2.48768436667136	2.51922343962603	1.02872418684805
EXT02264	ryg047	F31	black	6	1.08033053512099	2.23523870602265	1.65778462057182	1.43410368278467
EXT02265	ryg047	F31	black	6	2.88661130937374	2.85546306882889	2.87103718910132	0
EXT02266	ryg047	F31	black	6	2.86213730685458	2.75563521102526	2.80888625893992	1.39197393046133
EXT02267	ryg047	F31	black	6	2.67343252823269	2.552942511778	2.61318752000535	0
EXT02268	ryg047	F31	black	6	2.4915968070942	2.40464244039334	2.44811962374377	0
EXT02269	ryg047	F31	black	6	2.79058073901795	2.79528909105235	2.79293491503515	0
EXT02270	ryg047	F31	black	6	2.83112726514741	2.7649462855595	2.79803677535345	1.02644208814418
EXT02271	ryg047	F31	black	6	2.65346229530047	2.71762158693776	2.68554194111912	0.992515446813421
EXT02272	ryg047	F31	black	6	2.67758497087515	2.57210365496031	2.62484431291773	0
EXT02273	ryg047	F31	black	6	2.74542372505168	2.78527138417919	2.76534755461543	1.47764810502739
EXT02274	ryg047	F31	black	6	3.1774000644817	2.9700008541791	3.0737004593304	0
EXT02275	ryg047	F31	black	6	2.92911774416865	2.92301701707298	2.92606738062082	1.55768721289598
EXT02276	ryg047	F31	black	6	2.7661095066486	2.60544660463662	2.68577805564261	0
EXT02277	ryg047	F31	black	6	2.46604309214174	2.35568797873412	2.41086553543793	1.40773490423048
EXT02278	ryg047	F31	black	6	2.58243713053102	2.58243713053102	2.58243713053102	0
EXT02279	ryg047	F31	black	6	2.61972786290802	2.28642224439059	2.45307505364931	1.72311028481915
EXT02280	ryg047	F31	black	6	2.77009789068079	2.78986272794257	2.77998030931168	1.62248950551507
EXT02281	ryg047	F31	black	6	2.73500530231805	2.67215895606452	2.70358212919129	1.67265645779892
EXT02282	ryg047	F31	black	6	2.85837874585042	2.81070469176392	2.83454171880717	0.923504048786753
EXT02283	ryg047	F31	black	6	2.67484068376618	2.56664756086005	2.62074412231311	1.62486210975634
EXT02284	ryg047	F31	black	6	2.7388623378465	2.46213100363018	2.60049667073834	0
EXT02285	ryg047	F31	black	6	2.62063204152068	2.47506201120912	2.5478470263649	0
EXT02286	ryg047	F31	black	6	2.20116768427314	1.83626955694248	2.01871862060781	1.50980252726383
EXT02287	ryg047	F31	black	6	2.16810667293617	1.85625973771031	2.01218320532324	1.36068303256506
EXT02288	ryg047	F31	black	6	3.00713780867159	2.89030490439185	2.94872135653172	1.47243115812315
EXT02289	ryg047	F31	black	6	2.73119383653677	2.72340419694656	2.72729901674167	1.58292210372077
EXT02290	ryg047	F31	black	6	2.72242987869812	2.52638804747813	2.62440896308813	0
EXT02291	ryg047	F31	black	6	2.90451227455744	2.88292395313699	2.89371811384722	1.67389144900656
EXT02292	ryg047	F31	black	6	2.17911411773678	2.14283912558674	2.16097662166176	0
EXT02293	ryg047	F31	black	6	2.84926550841732	2.72554977072942	2.78740763957337	1.42354838275034
EXT02294	ryg047	F31	black	6	2.82136480099767	2.80571108726667	2.81353794413217	0
EXT02295	ryg047	F31	black	6	2.78960023981386	2.63290458801262	2.71125241391324	1.79250797181585
EXT02296	ryg047	F31	black	6	2.94615434960138	2.79463884235552	2.87039659597845	0
EXT02297	ryg047	F31	black	6	2.79165710492988	2.76786742043877	2.77976226268433	1.47005190494343
EXT02298	ryg047	F31	black	6	2.71202011358237	2.72006815233773	2.71604413296005	1.95383065197833
EXT02299	ryg047	F31	black	6	1.30875756528746	1.99215151833079	1.65045454180913	0
EXT02300	ryg047	F31	black	6	1.85409258987712	1.97211236929516	1.91310247958614	1.67493086890844
EXT02301	ryg047	F31	black	6	2.77009473206903	2.70469747711201	2.73739610459052	1.42574575686985
EXT02302	ryg047	F31	black	6	1.8919876293052	1.98458282258548	1.93828522594534	1.57556518840742
EXT02303	ryg047	F31	black	6	3.08130882219192	3.05752267968389	3.0694157509379	1.60396224569247
EXT02304	ryg047	F31	black	6	2.92086457206977	2.77381820212097	2.84734138709537	1.54654501316621
EXT02305	ryg047	F31	black	6	2.8602559105423	2.71150849537427	2.78588220295829	1.68597229963368
EXT02306	ryg047	F31	black	6	2.76490767594131	2.86837398407504	2.81664083000817	1.21814638626052
EXT02307	ryg047	F31	black	6	2.81259102923192	2.74181862201315	2.77720482562254	1.66585372018031
EXT02308	ryg047	F31	black	6	2.74300590547749	2.68455161687605	2.71377876117677	1.32092221143924
EXT02309	ryg047	F31	black	6	2.53288163497284	2.24314059992886	2.38801111745085	0
EXT02310	ryg047	F31	black	6	2.74557038790112	2.62400871487808	2.6847895513896	1.08230430336871
EXT02311	ryg047	F31	black	6	2.70392451371541	2.75222303027478	2.72807377199509	1.17104177489519
EXT02312	ryg047	F31	black	6	2.74671311873111	2.69848332852526	2.72259822362819	1.58949886440304
EXT02313	ryg047	F31	black	6	2.73490330787383	2.67352277427953	2.70421304107668	1.2566153483584
EXT02314	ryg047	F31	black	6	2.71740999654946	2.73868607181472	2.72804803418209	0.917237335284618
EXT02315	ryg047	F31	black	6	2.75733264845503	2.7625175909203	2.75992511968766	0.908423036049725
EXT02316	ryg047	F31	black	6	2.92900119906213	2.89404905255612	2.91152512580913	0
EXT02317	ryg047	F31	black	6	2.80742389625592	2.76773835432642	2.78758112529117	1.44527163468458
EXT02318	ryg047	F31	black	6	2.88797652455816	2.81075453797257	2.84936553126537	1.96205625455182
EXT02319	ryg047	F31	black	6	1.43315894103872	2.22895046864661	1.83105470484267	1.75413031518964
EXT02320	ryg047	F31	black	6	2.74127794543759	2.64325588821691	2.69226691682725	1.4490940583804
EXT02321	ryg047	F31	black	6	2.87518946369855	2.73653077040129	2.80586011704992	1.13485798656562
EXT02322	ryg047	F31	black	6	2.68722447300012	2.5900865451511	2.63865550907561	0
EXT02323	ryg047	F31	black	6	1.40691383683913	2.01229520546037	1.70960452114975	0
EXT02324	ryg047	F31	black	6	2.76239418311813	2.85780294114437	2.81009856213125	1.95901256352848
EXT02325	ryg047	F31	black	6	2.88209781369425	2.85186738416092	2.86698259892759	1.48974579375433
EXT02326	ryg047	F31	black	6	2.79453820804373	2.74685510340907	2.7706966557264	0
EXT02327	ryg047	F31	black	6	2.78844240694932	2.78299893232326	2.78572066963629	0.934113701274809
EXT02328	ryg047	F31	black	6	2.50749428708634	2.58412477412229	2.54580953060431	1.70963333536009
EXT02329	ryg047	F31	black	6	0	2.25125245835809	1.12562622917904	1.11406637780293
EXT02330	ryg047	F31	black	6	2.90591818300138	2.74489550928586	2.82540684614362	1.36945405219165
EXT02331	ryg047	F31	black	6	2.94360415735073	2.82737884786683	2.88549150260878	1.39464995805401
EXT02332	ryg047	F31	black	6	2.53515818881899	2.43743120186925	2.48629469534412	1.4440704778188
EXT02333	ryg047	F31	black	6	2.81895792234417	2.70787195446174	2.76341493840295	1.55987615574379
EXT02334	ryg047	F31	black	6	2.49358706622875	2.59834744862155	2.54596725742515	0
EXT02335	ryg047	F31	black	6	2.7711331423543	2.68241249904194	2.72677282069812	1.41735322311239
EXT02336	ryg047	F31	black	6	2.53243711204167	2.32361503667418	2.42802607435793	0.994130372590752
EXT02337	ryg047	F31	black	6	2.8232729964135	2.88982649333817	2.85654974487584	1.21636005379371
EXT02338	ryg047	F31	black	6	2.82564788769797	2.81503323534341	2.82034056152069	1.39760796112345
EXT02339	ryg047	F31	black	6	2.75780632357807	2.73880036441101	2.74830334399454	1.54025957055078
EXT02340	ryg047	F31	black	6	0	2.07492261312532	1.03746130656266	0
EXT02341	ryg047	F31	black	6	2.7983681544428	2.65488286839667	2.72662551141974	0
EXT02342	ryg047	F31	black	6	2.78773004036237	2.71678883862327	2.75225943949282	0
EXT02343	ryg047	F31	black	6	2.51897369285168	2.39761159631576	2.45829264458372	1.29702580253988
EXT02344	ryg047	F31	black	6	1.20204867697098	2.11000807504812	1.65602837600955	0
EXT02345	ryg047	F31	black	6	2.83475652387811	2.85680139890799	2.84577896139305	1.36183017081616
EXT02346	ryg047	F31	black	6	2.71092417596548	2.51585362241295	2.61338889918922	1.48889646552463
EXT02347	ryg047	F31	black	6	2.67854400594432	2.72472565315827	2.7016348295513	0.853438486320289
EXT02348	ryg047	F31	black	6	2.83400525702381	2.87683263866865	2.85541894784623	1.08598383319145
EXT02349	ryg047	F31	black	6	1.22680432210063	0	0.613402161050317	0
EXT02350	ryg047	F31	black	6	2.89500566699917	3.04782532017606	2.97141549358761	0
EXT02351	ryg047	F31	black	6	2.85367082645758	2.77458870256385	2.81412976451072	1.45237350202683
EXT02352	ryg047	F31	black	6	3.04168436063187	2.91622871770939	2.97895653917063	1.9049616383243
EXT02353	ryg047	F31	black	6	2.76170596878117	2.74953304135343	2.7556195050673	1.45226482797463
EXT02354	ryg047	F31	black	6	0	2.54837060367651	1.27418530183825	0
EXT02355	ryg047	F31	black	6	2.745274239884	2.59266081016873	2.66896752502636	1.07512820775215
EXT02356	ryg047	F31	black	6	2.84803933378222	2.91882709473766	2.88343321425994	0
EXT02357	ryg047	F31	black	6	2.65040808707249	2.59203531138676	2.62122169922963	1.64113689053605
EXT02358	ryg047	F31	black	6	2.08766284057028	2.08766284057028	2.08766284057028	1.64876150018935
EXT02359	ryg047	F31	black	6	3.02424359689383	2.86499590637168	2.94461975163276	1.57457937273606
EXT02360	ryg047	F31	black	6	2.73314982057578	2.40268412003408	2.56791697030493	1.15902095424567
EXT02361	ryg047	F31	black	6	2.59363708575609	2.50638041004427	2.55000874790018	0.985270367824031
EXT02362	ryg047	F31	black	6	2.72591633910741	2.72070589878083	2.72331111894412	1.52750185091103
EXT02363	ryg047	F31	black	6	2.6988038667592	2.68006598829721	2.68943492752821	1.68869471453777
EXT02364	ryg047	F31	black	6	2.89794698579086	2.90799469422601	2.90297084000844	1.25899926607146
EXT02365	ryg047	F31	black	6	2.8139426372175	2.70834368694134	2.76114316207942	1.36775141528376
EXT02366	ryg047	F31	black	6	2.7011058469442	2.55407604360533	2.62759094527477	1.5125797329551
EXT02367	ryg047	F31	black	6	2.73035636576402	2.57404784215087	2.65220210395745	1.78325428946692
EXT02368	ryg047	F31	black	6	2.74777160832142	2.63325978499873	2.69051569666008	1.74273246805474
EXT02369	ryg047	F31	black	6	1.6370175905401	2.31177562691616	1.97439660872813	1.6370175905401
EXT02370	ryg047	F31	black	6	2.77477265024455	2.70352060288446	2.73914662656451	1.2716594221712
EXT02371	ryg047	F31	black	6	2.77651969049611	2.7740637199981	2.77529170524711	0.990117953403481
EXT02372	ryg047	F31	black	6	2.58901728900943	2.541634219694	2.56532575435171	1.57467611348921
EXT02373	ryg047	F31	black	6	2.61246308997822	2.52904393191088	2.57075351094455	0.949407220609939
EXT02374	ryg047	F31	black	6	2.71889457801319	2.70065224868949	2.70977341335134	1.23416408477849
EXT02375	ryg047	F31	black	6	2.65347229874209	2.56245214990924	2.60796222432567	1.84909660963879
EXT02376	ryg047	F31	black	6	2.96651433645843	3.11162912462969	3.03907173054406	0
EXT02377	ryg047	F31	black	6	1.68273820096062	1.86329696314591	1.77301758205327	1.34503269129552
EXT02378	ryg047	F31	black	6	2.67335466292779	2.54526590799291	2.60931028546035	1.68428745948961
EXT02379	ryg047	F31	black	6	3.01466104837343	3.11836696628752	3.06651400733048	0
EXT02380	ryg047	F31	black	6	2.81525323797838	2.75676107212423	2.7860071550513	0
EXT02381	ryg047	F31	black	6	2.84492343651071	2.78401445662512	2.81446894656792	1.09899747021329
EXT02382	ryg047	F31	black	6	2.8835139118166	2.91146302657865	2.89748846919762	1.40209534232981
EXT02383	ryg047	F31	black	6	2.58635713423638	2.23916560288226	2.41276136855932	1.88701809323829
EXT02384	ryg047	F31	black	6	1.90824337159517	2.32257899752815	2.11541118456166	1.36978112750986
EXT02385	ryg047	F31	black	6	2.70069226828435	2.6104476731682	2.65556997072628	1.5912343537501
EXT02386	ryg047	F31	black	6	2.48355256378984	2.61095122515336	2.5472518944716	1.71373261592227
EXT02387	ryg047	F31	black	6	2.74189645675856	2.6469315872915	2.69441402202503	1.52019009375065
EXT02388	ryg047	F31	black	6	2.21482092921542	2.21482092921542	2.21482092921542	1.34950022359261
EXT02389	ryg047	F31	black	6	2.84551270548004	2.66127707624133	2.75339489086068	0
EXT02390	ryg047	F31	black	6	2.79462004250495	2.78183053301813	2.78822528776154	1.64420195728907
EXT02391	ryg047	F31	black	6	2.75635554564965	2.78709028315951	2.77172291440458	1.52013013672331
EXT02392	ryg047	F31	black	6	2.61817133602084	2.47465580512594	2.54641357057339	0
EXT02393	ryg047	F31	black	6	2.73393892032797	2.56041529950748	2.64717710991772	1.65832253368406
EXT02394	ryg048	F31	white	10	3.36514995082705	3.54047281516433	3.45281138299569	2.40069428081535
EXT02395	ryg048	F31	white	10	3.08353549431162	2.99129270852288	3.03741410141725	1.76283807171093
EXT02396	ryg048	F31	white	10	3.41042717616566	3.36499005880407	3.38770861748487	2.67145683736681
EXT02397	ryg048	F31	white	10	0	2.70092534521913	1.35046267260956	0
EXT02398	ryg048	F31	white	10	3.64606317404258	3.49732457496811	3.57169387450534	0
EXT02399	ryg048	F31	white	10	3.12801655192885	3.48046344498577	3.30423999845731	2.49120224389849
EXT02400	ryg048	F31	white	10	3.32257118543852	3.06679439559367	3.19468279051609	0
EXT02401	ryg048	F31	white	10	0	2.47300272295934	1.23650136147967	0
EXT02402	ryg048	F31	white	10	2.55243613491412	2.58868177270616	2.57055895381014	1.20144968616598
EXT02403	ryg048	F31	white	10	2.83915120659033	2.78640331496962	2.81277726077997	0
EXT02404	ryg048	F31	white	10	3.51027324647587	3.51027324647587	3.51027324647587	2.87673464646457
EXT02405	ryg048	F31	white	10	2.48928367415304	2.5173819010492	2.50333278760112	1.22938080067581
EXT02406	ryg048	F31	white	10	2.47039087725197	2.47039087725197	2.47039087725197	0.840371522215694
EXT02407	ryg048	F31	white	10	2.71113714433616	3.54296476654303	3.12705095543959	2.43926214251201
EXT02408	ryg048	F31	white	10	2.29052266372785	0	1.14526133186393	0
EXT02409	ryg048	F31	white	10	2.78486784445255	2.78486784445255	2.78486784445255	1.9803061965939
EXT02410	ryg048	F31	white	10	2.61021305859773	2.55646768292531	2.58334037076152	0.825004383394816
EXT02411	ryg048	F31	white	10	3.08467483718536	3.04997746535232	3.06732615126884	1.23448811842095
EXT02412	ryg048	F31	white	10	2.63721258153372	2.52645022437424	2.58183140295398	1.38030489348997
EXT02413	ryg048	F31	white	10	2.70297798489937	3.29901123549622	3.0009946101978	2.00172516822475
EXT02414	ryg048	F31	white	10	2.34054861204442	2.79600482557456	2.56827671880949	0
EXT02415	ryg048	F31	white	10	3.32227785152002	3.39169892640296	3.35698838896149	0
EXT02416	ryg048	F31	white	10	3.32760926502824	3.45563028221421	3.39161977362122	0
EXT02417	ryg048	F31	white	10	0	0	0	0
EXT02418	ryg048	F31	white	10	2.66478771071305	2.48498566976493	2.57488669023899	0
EXT02419	ryg048	F31	white	10	3.54041895680831	3.67169282792101	3.60605589236466	0
EXT02420	ryg048	F31	white	10	3.02765257621191	3.40654782539757	3.21710020080474	0
EXT02421	ryg048	F31	white	10	3.15159568691542	3.25610794628467	3.20385181660005	0
EXT02422	ryg048	F31	white	10	2.43971007747844	2.59680410079195	2.5182570891352	1.42158400035884
EXT02423	ryg048	F31	white	10	2.57070160663852	2.53712072446392	2.55391116555122	1.2103367519875
EXT02424	ryg048	F31	white	10	3.04716886254193	3.26392873837385	3.15554880045789	0
EXT02425	ryg048	F31	white	10	2.42863801987471	2.54186902152795	2.48525352070133	1.3807498540666
EXT02426	ryg048	F31	white	11	2.45169909395433	2.14789044090842	2.29979476743138	0.871392756187228
EXT02427	ryg048	F31	white	11	2.55777045333892	2.32383739651519	2.44080392492705	1.47093289144713
EXT02428	ryg048	F31	white	11	2.39110991572329	2.20113104543844	2.29612048058086	1.32595260206952
EXT02429	ryg048	F31	white	11	2.04908531693991	2.31878603326412	2.18393567510202	0
EXT02430	ryg048	F31	white	11	2.64528993824907	2.52132157014051	2.58330575419479	1.40406912216517
EXT02431	ryg048	F31	white	11	2.45196330001364	2.26944739666942	2.36070534834153	1.22030427200723
EXT02432	ryg048	F31	white	11	1.8413775996539	2.39227018273434	2.11682389119412	0.837485680629943
EXT02433	ryg048	F31	white	11	1.47241723274902	2.26315177311278	1.8677845029309	1.27699668288838
EXT02434	ryg048	F31	white	11	1.2139501469431	1.71187009795529	1.4629101224492	1.53729836129585
EXT02435	ryg048	F31	white	11	2.53700421387182	2.38970238898879	2.46335330143031	1.2649793595964
EXT02436	ryg048	F31	white	11	2.44190212403938	2.49140528986841	2.4666537069539	0
EXT02437	ryg048	F31	white	11	2.48187303514927	2.663723245342	2.57279814024564	1.6932878954085
EXT02438	ryg048	F31	white	11	2.47980781175747	2.32665324456857	2.40323052816302	0
EXT02439	ryg048	F31	white	11	2.3656085644405	2.09619430953797	2.23090143698924	1.56167858468432
EXT02440	ryg048	F31	white	11	1.49649669186873	2.13264309158283	1.81456989172578	1.797725682229
EXT02441	ryg048	F31	white	11	2.42561665811952	1.97233627930765	2.19897646871358	0
EXT02442	ryg048	F31	white	11	0.823405573917836	0	0.411702786958918	0.823405573917836
EXT02443	ryg048	F31	white	11	2.45065157002273	2.52893460734107	2.4897930886819	0.929696606712422
EXT02444	ryg048	F31	white	11	1.45917065590499	1.76805490581503	1.61361278086001	0.792230841212284
EXT02445	ryg048	F31	white	11	1.24482624492696	1.97648927460955	1.61065775976826	1.43740687217648
EXT02446	ryg048	F31	white	11	0	1.58501846625806	0.79250923312903	0
EXT02447	ryg048	F31	white	11	2.577473230657	2.44890834261441	2.5131907866357	1.18802577100857
EXT02448	ryg048	F31	white	11	2.52226404117999	2.46491599022715	2.49359001570357	0.837800065168343
EXT02449	ryg048	F31	white	11	2.35896939072535	2.49632370703534	2.42764654888034	1.34091740072767
EXT02450	ryg048	F31	white	11	1.57848580682299	1.94603298741274	1.76225939711786	1.57848580682299
EXT02451	ryg048	F31	white	11	0	2.21511102936225	1.10755551468112	0
EXT02452	ryg048	F31	white	11	1.39595596074319	1.7546231644599	1.57528956260155	1.20833049352835
EXT02453	ryg048	F31	white	11	1.04376785181959	2.16744529870344	1.60560657526152	1.38740774249637
EXT02454	ryg048	F31	white	11	2.41043970779499	2.35386704481029	2.38215337630264	0
EXT02455	ryg048	F31	white	11	2.57636672240255	2.37292152534903	2.47464412387579	0
EXT02456	ryg048	F31	white	11	2.48067709893712	2.53658774356105	2.50863242124909	1.11172972381448
EXT02457	ryg048	F31	white	11	2.62915954672982	2.37969048197877	2.5044250143543	1.56201391653284
EXT02458	ryg048	F31	white	14	2.01973160112874	2.49028174316784	2.25500667214829	0
EXT02459	ryg048	F31	white	14	2.49355346094025	2.51141022714406	2.50248184404215	0.818613885003483
EXT02460	ryg048	F31	white	14	2.52954150997717	2.45140616864893	2.49047383931305	1.24532243037174
EXT02461	ryg048	F31	white	14	2.45376852622158	2.3158387585514	2.38480364238649	0
EXT02462	ryg048	F31	white	14	2.86465331788028	3.39378840509344	3.12922086148686	0
EXT02463	ryg048	F31	white	14	2.66341309855487	2.69668144098529	2.68004726977008	1.03161907721884
EXT02464	ryg048	F31	white	14	0	1.95844918656656	0.979224593283282	1.55827413724306
EXT02465	ryg048	F31	white	14	2.34413406276047	2.38994224886677	2.36703815581362	0
EXT02466	ryg048	F31	white	14	2.64720985189402	2.9115735107409	2.77939168131746	0
EXT02467	ryg048	F31	white	14	1.52770483816917	2.13038870543947	1.82904677180432	1.33799866037723
EXT02468	ryg048	F31	white	14	2.64231212398409	2.79226360293932	2.7172878634617	1.39254502912662
EXT02469	ryg048	F31	white	14	1.46191767942508	2.11797960207365	1.78994864074936	1.86292888241993
EXT02470	ryg048	F31	white	14	2.70953837684569	2.75359553847091	2.7315669576583	1.50099972689977
EXT02471	ryg048	F31	white	14	2.62421766944679	2.96638016944671	2.79529891944675	0
EXT02472	ryg048	F31	white	14	1.26326243813567	2.21575509918936	1.73950876866252	1.60488188460058
EXT02473	ryg048	F31	white	14	2.6844728276789	2.78163340937439	2.73305311852664	1.22555637411317
EXT02474	ryg048	F31	white	14	2.44163639372924	2.48461720843097	2.46312680108011	1.4409189105276
EXT02475	ryg048	F31	white	14	2.24998548817365	2.11676359377388	2.18337454097376	1.16505934728271
EXT02476	ryg048	F31	white	14	1.05492884467359	2.04116565980676	1.54804725224017	1.05492884467359
EXT02477	ryg048	F31	white	14	0	3.20444329710357	1.60222164855178	2.99557119843281
EXT02478	ryg048	F31	white	14	1.84934908838825	2.28308387789717	2.06621648314271	1.84934908838825
EXT02479	ryg048	F31	white	14	2.56985570541786	2.67473553996442	2.62229562269114	1.42737920075644
EXT02480	ryg048	F31	white	14	1.81835343675433	2.54555721324562	2.18195532499997	0
EXT02481	ryg048	F31	white	14	3.05070875209348	2.79293353187539	2.92182114198443	1.87443657889954
EXT02482	ryg048	F31	white	14	2.76902778957615	2.87050826958641	2.81976802958128	2.10206128978714
EXT02483	ryg048	F31	white	14	0.788917137415945	0.788917137415945	0.788917137415945	0
EXT02484	ryg048	F31	white	14	2.93721540478514	2.56600349611998	2.75160945045256	0
EXT02485	ryg048	F31	white	14	0	2.79114864443112	1.39557432221556	0
EXT02486	ryg048	F31	white	14	2.25565465330606	2.24301780414085	2.24933622872346	1.21639119537958
EXT02487	ryg048	F31	white	14	3.00195624675445	3.12816818798344	3.06506221736895	2.47367849540873
EXT02488	ryg048	F31	white	14	2.87284343780268	2.80709340150219	2.83996841965243	1.9117078342247
EXT02489	ryg048	F31	white	14	2.60095080868915	2.72403670140203	2.66249375504559	1.24622288628889
EXT02490	ryg048	F31	white	14	2.36721251475819	2.1920136151491	2.27961306495365	1.40067019714983
EXT02491	ryg048	F31	white	14	3.14218045494116	2.93846311884908	3.04032178689512	0
EXT02492	ryg048	F31	white	14	3.1037607471364	2.6944054694827	2.89908310830955	0
EXT02493	ryg048	F31	white	15	2.41255344036385	2.9554175140356	2.68398547719973	1.62948007094247
EXT02494	ryg048	F31	white	15	2.76008354815964	2.99820534813701	2.87914444814832	1.25595498626817
EXT02495	ryg048	F31	white	15	2.13225325568492	3.00070550324684	2.56647937946588	0.952917520268982
EXT02496	ryg048	F31	white	15	2.2927664654225	3.04357179065557	2.66816912803904	1.50629640821643
EXT02497	ryg048	F31	white	15	2.30830054115623	2.94890884101472	2.62860469108547	0.958757529021667
EXT02498	ryg048	F31	white	15	2.10269265489045	2.91137828695543	2.50703547092294	1.01270097937686
EXT02499	ryg048	F31	white	15	2.5146194318008	2.98130091171312	2.74796017175696	0
EXT02500	ryg048	F31	white	15	2.32169016324979	3.00860777633925	2.66514896979452	1.48313401135192
EXT02501	ryg048	F31	white	15	1.70812803545985	3.02792057756641	2.36802430651313	1.37698117570696
EXT02502	ryg048	F31	white	15	2.58867445537804	2.93814658417487	2.76341051977646	0.975713399010442
EXT02503	ryg048	F31	white	15	1.80053443624711	2.88509861731901	2.34281652678306	0
EXT02504	ryg048	F31	white	15	0.652585632188508	3.03568718630274	1.84413640924562	1.3229303873014
EXT02505	ryg048	F31	white	15	2.3788189494019	2.96228197309738	2.67055046124964	1.09674636155751
EXT02506	ryg048	F31	white	15	1.29006165046662	3.12235557437021	2.20620861241841	1.29006165046662
EXT02507	ryg048	F31	white	15	2.74445338888458	2.93497145165241	2.83971242026849	1.15542063606857
EXT02508	ryg048	F31	white	15	2.68118883302999	2.88709914672531	2.78414398987765	1.72713980660701
EXT02509	ryg048	F31	white	15	2.77437186946531	2.97800110207081	2.87618648576806	1.22629632264231
EXT02510	ryg048	F31	white	15	2.78600121921356	2.95003196710589	2.86801659315972	0.685932742288857
EXT02511	ryg048	F31	white	15	1.6281207181451	2.92950996279848	2.27881534047179	0.75800986587527
EXT02512	ryg048	F31	white	15	2.30045118237751	2.94906573438922	2.62475845838336	1.41331185220802
EXT02513	ryg048	F31	white	5	2.7203525659968	2.90801237855427	2.81418247227554	1.0349559407905
EXT02514	ryg048	F31	white	5	2.96879047506149	2.9991604067759	2.9839754409187	0
EXT02515	ryg048	F31	white	5	2.71824613666964	2.8690234807393	2.79363480870447	1.67086508846525
EXT02516	ryg048	F31	white	5	2.645060854149	2.94902180033917	2.79704132724409	1.47099213458473
EXT02517	ryg048	F31	white	5	2.79971055325146	2.86268442912858	2.83119749119002	0
EXT02518	ryg048	F31	white	5	2.72207304803394	2.83668363842776	2.77937834323085	0.698586819481933
EXT02519	ryg048	F31	white	5	2.83842457661552	2.79047425312568	2.8144494148706	1.12112327250236
EXT02520	ryg048	F31	white	5	2.82636425884707	2.83066181074455	2.82851303479581	1.4600214946712
EXT02521	ryg048	F31	white	5	2.80846872103954	2.94548937537397	2.87697904820676	1.05629514575403
EXT02522	ryg048	F31	white	5	2.79370935865617	2.82623321810005	2.80997128837811	1.25811270643821
EXT02523	ryg048	F31	white	5	2.82082624122462	2.84126565377847	2.83104594750155	1.09903289408708
EXT02524	ryg048	F31	white	5	2.8404692518828	2.90444048972608	2.87245487080444	0.80780860973367
EXT02525	ryg048	F31	white	5	2.8312779984442	2.86978916789386	2.85053358316903	1.46106348217686
EXT02526	ryg048	F31	white	5	2.80465362951106	2.94628659055897	2.87547011003501	1.39424933050046
EXT02527	ryg048	F31	white	5	2.84713519989611	2.87417829029604	2.86065674509607	1.49351854596767
EXT02528	ryg048	F31	white	5	2.77874376777511	2.88787590886381	2.83330983831946	0.695088892554195
EXT02529	ryg048	F31	white	5	2.81067005298969	2.78392114558253	2.79729559928611	1.23189664623552
EXT02530	ryg048	F31	white	5	2.68478976298435	2.92843134936457	2.80661055617446	1.47106234359439
EXT02531	ryg048	F31	white	5	2.73166183273792	2.79145525469013	2.76155854371402	0.879521705466993
EXT02532	ryg048	F31	white	5	2.70452932197364	2.87247402728158	2.78850167462761	0.829990740953472
EXT02533	ryg048	F31	white	5	2.82164676971174	2.8152260392273	2.81843640446952	1.12864500883526
EXT02534	ryg048	F31	white	5	2.79172712209895	2.84500218341384	2.81836465275639	1.30132905604284
EXT02535	ryg048	F31	white	5	2.97199398610281	3.13143472655563	3.05171435632922	1.04882955978657
EXT02536	ryg048	F31	white	5	2.73419314371893	2.99707695343578	2.86563504857736	1.39712527467514
EXT02537	ryg048	F31	white	5	2.78749496423929	2.84333581053586	2.81541538738757	1.18504644169937
EXT02538	ryg048	F31	white	5	2.65267352454237	2.96378952174523	2.8082315231438	1.71759774786048
EXT02539	ryg048	F31	white	5	2.79393104801994	2.86786635185387	2.8308986999369	1.23469078144112
EXT02540	ryg048	F31	white	5	2.81872580157544	2.88882080379967	2.85377330268755	1.46224561154319
EXT02541	ryg048	F31	white	5	2.85707986066435	2.9260154147109	2.89154763768763	1.27264708287628
EXT02542	ryg048	F31	white	5	2.86939113984296	2.84730328283062	2.85834721133679	1.79928031000737
EXT02543	ryg048	F31	white	5	2.75317514744056	2.81777469706007	2.78547492225032	0.800996195534163
EXT02544	ryg048	F31	white	5	2.77958326855414	2.85211317185707	2.81584822020561	0.822872936825892
EXT02545	ryg048	F31	white	5	2.80138838027732	2.7967486884371	2.79906853435721	0.83459797721668
EXT02546	ryg048	F31	white	5	2.79008946569688	2.81496095599018	2.80252521084353	0.90940901925016
EXT02547	ryg048	F31	white	5	2.76087220930443	2.91616436821391	2.83851828875917	1.68253781241994
EXT02548	ryg048	F31	white	5	3.00688500037474	3.06227866543575	3.03458183290525	0
EXT02549	ryg048	F31	white	5	2.79023796102252	2.87228662671891	2.83126229387071	0.705395035860264
EXT02550	ryg048	F31	white	5	2.76847519628269	2.8131721018956	2.79082364908914	1.72760843004393
EXT02551	ryg048	F31	white	5	2.77335915113004	2.70400153534368	2.73868034323686	1.19142011390694
EXT02552	ryg048	F31	white	5	2.7414594218426	2.6970476866513	2.71925355424695	1.11489303018738
EXT02553	ryg048	F31	white	5	2.85674272966149	3.10466730446653	2.98070501706401	1.61408704242575
EXT02554	ryg048	F31	white	5	2.73476841778895	2.67908258444248	2.70692550111571	0
EXT02555	ryg048	F31	white	5	2.7735226589576	3.01008038179747	2.89180152037753	1.60138991508879
EXT02556	ryg048	F31	white	5	2.80106693277445	2.89947710258529	2.85027201767987	1.67876013717791
EXT02557	ryg048	F31	white	5	2.8262262393029	2.90660151222142	2.86641387576216	0
EXT02558	ryg048	F31	white	5	2.80514790790521	2.86508209984078	2.83511500387299	1.70988754946784
EXT02559	ryg048	F31	white	5	2.73346312917322	2.82192538866773	2.77769425892047	0.814362029461097
EXT02560	ryg048	F31	white	5	2.75206844116871	2.84919840853547	2.80063342485209	1.18604727039949
EXT02561	ryg048	F31	white	5	2.72024914697195	2.8233108400171	2.77177999349453	1.36062772552972
EXT02562	ryg048	F31	white	5	2.87602015315624	2.82251409673706	2.84926712494665	1.70890882580918
EXT02563	ryg048	F31	white	5	2.79128859363072	2.92589856988816	2.85859358175944	1.31007288703756
EXT02564	ryg048	F31	white	5	2.77141537485044	2.97603128043283	2.87372332764163	1.44538902516384
EXT02565	ryg048	F31	white	5	2.70879867478263	2.78945087557965	2.74912477518114	0.969336675167097
EXT02566	ryg048	F31	white	5	2.69886813491234	2.84487440961544	2.77187127226389	0
EXT02567	ryg048	F31	white	5	2.77234158740152	2.90495181959327	2.8386467034974	1.70861708952537
EXT02568	ryg048	F31	white	5	2.72874573058683	2.83915888500742	2.78395230779712	1.17064503301081
EXT02569	ryg048	F31	white	5	2.76259785905529	2.89809270501779	2.83034528203654	1.48334906169364
EXT02570	ryg048	F31	white	5	3.04474804139574	2.91918142986275	2.98196473562925	0
EXT02571	ryg048	F31	white	5	2.92169044998975	3.07714985907645	2.9994201545331	1.37761980002728
EXT02572	ryg048	F31	white	5	2.89191542129875	2.93909764731621	2.91550653430748	1.80448367861269
EXT02573	ryg048	F31	white	5	2.84708977410551	2.82098070451456	2.83403523931004	0
EXT02574	ryg048	F31	white	5	2.75265838870306	2.80957906092916	2.78111872481611	1.52330852648067
EXT02575	ryg048	F31	white	5	2.81863936548581	2.87058487777293	2.84461212162937	1.47022363242417
EXT02576	ryg048	F31	white	5	2.93572500419884	2.95161937398358	2.94367218909121	1.38062458614871
EXT02577	ryg048	F31	white	5	2.84560323658271	2.87423256031661	2.85991789844966	0.937326204049274
EXT02578	ryg048	F31	white	5	2.78436919387327	2.97103943919895	2.87770431653611	1.33309723725676
EXT02579	ryg048	F31	white	5	2.83616027991479	2.8954348887887	2.86579758435175	1.32447657694715
EXT02580	ryg048	F31	white	5	2.72245355442254	2.75761937833921	2.74003646638087	1.3025750352376
EXT02581	ryg048	F31	white	5	2.82715458470531	2.93134453171487	2.87924955821009	1.69120272601097
EXT02582	ryg048	F31	white	5	2.72708378289976	2.91767899431436	2.82238138860706	1.31172831062198
EXT02583	ryg048	F31	white	5	2.75099451807077	2.9608169679964	2.85590574303358	1.73706732614056
EXT02584	ryg048	F31	white	5	2.91955279472003	2.91541396120507	2.91748337796255	1.63837174200922
EXT02585	ryg048	F31	white	5	2.7998414222698	2.78721523385354	2.79352832806167	1.65461626023536
EXT02586	ryg048	F31	white	5	2.74359993562925	2.80083553354914	2.7722177345892	1.35557526362354
EXT02587	ryg048	F31	white	5	2.68768541336896	2.7991638864582	2.74342464991358	1.59581680490783
EXT02588	ryg048	F31	white	5	2.8318689346515	2.87194740308182	2.85190816886666	1.39122050231474
EXT02589	ryg048	F31	white	5	2.77576533981779	2.80312103182112	2.78944318581945	1.31281228914864
EXT02590	ryg048	F31	white	5	2.82600707158662	2.80530012250779	2.8156535970472	1.41372734220634
EXT02591	ryg048	F31	white	5	2.68826889300639	3.01572832634051	2.85199860967345	1.33932958305829
EXT02592	ryg048	F31	white	5	2.89106642569864	2.88786674269778	2.88946658419821	1.16168250240881
EXT02593	ryg048	F31	white	5	2.82567584363962	2.86518023350159	2.8454280385706	1.39491898273555
EXT02594	ryg048	F31	white	5	2.64224170970678	2.94437209696795	2.79330690333737	1.47721589165275
EXT02595	ryg048	F31	white	5	2.89016508389423	2.7843315274378	2.83724830566602	1.58483360414692
EXT02596	ryg048	F31	white	5	2.82059730378968	2.86149932553976	2.84104831466472	1.06983938590856
EXT02597	ryg048	F31	white	5	2.86259119062324	2.96397605870064	2.91328362466194	0
EXT02598	ryg048	F31	white	5	2.79411568271644	2.97041106401558	2.88226337336601	0.807486725132171
EXT02599	ryg048	F31	white	5	2.74582334084866	2.91854337323123	2.83218335703995	1.60648648853318
EXT02600	ryg048	F31	white	5	2.83368514284848	2.92548406906915	2.87958460595882	1.21858965086586
EXT02601	ryg048	F31	white	5	2.78969800161866	2.81170361732556	2.80070080947211	0.928207467270852
EXT02602	ryg048	F31	white	5	2.82795702730117	2.89031084341563	2.8591339353584	0
EXT02603	ryg048	F31	white	5	2.77239156266349	2.73275846858032	2.75257501562191	1.49568902319765
EXT02604	ryg048	F31	white	5	2.65017140996429	2.97590113886533	2.81303627441481	0
EXT02605	ryg048	F31	white	5	2.80764184648834	2.76682228978911	2.78723206813873	1.13969827831316
EXT02606	ryg048	F31	white	5	2.86445121287615	2.87587602150919	2.87016361719267	1.34681224063933
EXT02607	ryg048	F31	white	5	2.82537589277591	2.88956164899445	2.85746877088518	1.68568596465772
EXT02608	ryg048	F31	white	5	2.83727383331981	2.87662842949085	2.85695113140533	0
EXT02609	ryg048	F31	white	5	2.78265170036393	2.8822148113757	2.83243325586981	1.57353505306731
EXT02610	ryg048	F31	white	5	2.84416311581263	2.88038024672502	2.86227168126883	1.33494174110103
EXT02611	ryg048	F31	white	5	2.81146523037423	2.85997755715081	2.83572139376252	1.26927868567258
EXT02612	ryg048	F31	white	5	2.85841283288525	2.85524267735231	2.85682775511878	1.58759961160471
EXT02613	ryg048	F31	white	5	2.79098570593859	2.80764624117648	2.79931597355753	1.87575757355921
EXT02614	ryg048	F31	white	5	2.9403138432717	2.95136360637335	2.94583872482253	0
EXT02615	ryg048	F31	white	5	2.75882515248287	2.81072795320903	2.78477655284595	1.53579415660901
EXT02616	ryg048	F31	white	5	2.67676115704178	2.94040385277744	2.80858250490961	1.69240080685055
EXT02617	ryg048	F31	white	5	2.79762499598489	2.88017787325315	2.83890143461902	0
EXT02618	ryg048	F31	white	5	2.81282548060071	2.87051959271198	2.84167253665634	1.28849419274276
EXT02619	ryg048	F31	white	5	2.7735395827311	2.87589513939537	2.82471736106324	1.13844157733147
EXT02620	ryg048	F31	white	5	2.74860084547329	2.79266370487495	2.77063227517412	1.12693475206516
EXT02621	ryg048	F31	white	5	2.84580796470945	2.90082086055279	2.87331441263112	1.47145506370972
EXT02622	ryg048	F31	white	5	2.70306942568878	2.83836219170983	2.77071580869931	1.3208495462593
EXT02623	ryg048	F31	white	5	2.76636098013169	2.88676415027985	2.82656256520577	1.45313383949577
EXT02624	ryg048	F31	white	5	2.80400907851519	2.84752343501671	2.82576625676595	1.32518163793924
EXT02625	ryg048	F31	white	5	2.76808915294057	2.92512358806176	2.84660637050117	1.75745073381313
EXT02626	ryg048	F31	white	5	2.86113403679088	2.93231500080389	2.89672451879739	1.24455187642998
EXT02627	ryg048	F31	white	5	2.81667125446266	2.85598469039301	2.83632797242783	0
EXT02628	ryg048	F31	white	5	2.7872068029247	2.86729419777816	2.82725050035143	1.68053087709498
EXT02629	ryg048	F31	white	5	2.77036906601888	2.76071108032757	2.76554007317322	1.37476623367909
EXT02630	ryg048	F31	white	5	2.6848142531412	2.95814014985315	2.82147720149718	1.30040440614027
EXT02631	ryg048	F31	white	5	2.61787806467624	2.88308931799309	2.75048369133466	1.39350216636926
EXT02632	ryg048	F31	white	5	2.80154519268874	2.90479522342588	2.85317020805731	1.43087942182741
EXT02633	ryg048	F31	white	5	2.71241664310266	2.99809017402209	2.85525340856238	1.24190505773753
EXT02634	ryg048	F31	white	5	2.9146036452023	2.91879755234411	2.9167005987732	1.35393470021431
EXT02635	ryg048	F31	white	5	2.71485360531578	2.73366560119983	2.7242596032578	1.34413358312191
EXT02636	ryg048	F31	white	5	2.86845493196774	3.02805713050937	2.94825603123856	0
EXT02637	ryg048	F31	white	5	2.68230324044261	2.8996877946639	2.79099551755326	0
EXT02638	ryg048	F31	white	5	2.76045448628938	2.85288140730239	2.80666794679589	1.54588137713685
EXT02639	ryg048	F31	white	5	2.75557997830859	2.81961839751972	2.78759918791416	1.36142035566958
EXT02640	ryg048	F31	white	5	2.89265313319387	2.85432307387395	2.87348810353391	0
EXT02641	ryg048	F31	white	5	2.80959512380739	2.91399635570465	2.86179573975602	0.781748429412377
EXT02642	ryg048	F31	white	5	2.7395607541759	2.8502974434438	2.79492909880985	1.56801018220269
EXT02643	ryg048	F31	white	5	2.88066576967248	2.88066576967248	2.88066576967248	0.873462319233365
EXT02644	ryg048	F31	white	5	2.81565072261681	2.85689861547328	2.83627466904505	1.20128772302212
EXT02645	ryg048	F31	white	5	2.80951372332494	2.90702722269266	2.8582704730088	1.39921583723616
EXT02646	ryg048	F31	white	5	2.84610022100948	2.91662339052956	2.88136180576952	1.68100812726703
EXT02647	ryg048	F31	white	5	2.85850608615489	2.78558706653925	2.82204657634707	0.983663343703747
EXT02648	ryg048	F31	white	5	2.77793562961042	2.82675317786319	2.80234440373681	1.57527413934111
EXT02649	ryg048	F31	white	5	2.88806987006173	2.8391836414178	2.86362675573976	1.3155975700209
EXT02650	ryg048	F31	white	5	2.83551715305624	2.86953490138582	2.85252602722103	0
EXT02651	ryg048	F31	white	5	2.81555852062249	2.99289161132682	2.90422506597466	1.08749380379127
EXT02652	ryg048	F31	white	5	2.64719128524907	2.9171830251247	2.78218715518688	0.892439353490452
EXT02653	ryg048	F31	white	5	2.74779377792457	2.95577464980987	2.85178421386722	1.23065969149503
EXT02654	ryg048	F31	white	5	2.8934215498611	2.87156150763857	2.88249152874984	0.88762307283242
EXT02655	ryg048	F31	white	5	2.86243975268081	2.97514146211673	2.91879060739877	1.3059046654128
EXT02656	ryg048	F31	white	5	2.86510953827152	2.89069560984324	2.87790257405738	1.47856196807305
EXT02657	ryg048	F31	white	5	2.84457934076692	2.91588821399797	2.88023377738245	1.70812208619314
EXT02658	ryg048	F31	white	5	2.73464570853168	2.80266741509221	2.76865656181195	1.56645133945047
EXT02659	ryg048	F31	white	5	2.89101662296331	2.81217558715871	2.85159610506101	0
EXT02660	ryg048	F31	white	5	2.79084281399873	2.80029997787521	2.79557139593697	1.78285343555155
EXT02661	ryg048	F31	white	5	2.8104548070619	2.9706271511728	2.89054097911735	1.48504406407447
EXT02662	ryg048	F31	white	5	2.81689289799894	2.92621760155617	2.87155524977756	1.03008759322735
EXT02663	ryg048	F31	white	5	2.7658878224391	2.90532392603123	2.83560587423516	1.32093896401832
EXT02664	ryg048	F31	white	5	2.75765544559655	2.85665166232498	2.80715355396077	1.39946519704619
EXT02665	ryg048	F31	white	5	2.85554680177244	2.89991482596898	2.87773081387071	0.838735411899441
EXT02666	ryg048	F31	white	5	2.75342429023514	2.83424280360222	2.79383354691868	0.740926898232191
EXT02667	ryg048	F31	white	5	2.93340237558827	2.91086885524801	2.92213561541814	1.380440641607
EXT02668	ryg048	F31	white	5	2.80858097820081	2.91355321916065	2.86106709868073	1.43237993887988
EXT02669	ryg048	F31	white	5	2.7959938070317	2.88604247471359	2.84101814087265	1.22180137605518
EXT02670	ryg048	F31	white	5	2.71085974411016	2.78940018664344	2.7501299653768	1.28555340170208
EXT02671	ryg048	F31	white	5	2.66286827188537	2.8456152763726	2.75424177412899	1.40504153910569
EXT02672	ryg048	F31	white	5	2.77079401348126	2.81218336948105	2.79148869148116	1.27146277379693
EXT02673	ryg048	F31	white	5	2.81783688305009	2.93694114383409	2.87738901344209	1.53979046152258
EXT02674	ryg048	F31	white	5	2.72741186800568	2.77918468357271	2.7532982757892	1.30074244858621
EXT02675	ryg048	F31	white	5	2.74594011905593	2.84876621867406	2.79735316886499	0.821508298245334
EXT02676	ryg048	F31	white	5	2.78213546547638	2.93055787091492	2.85634666819565	0.891637973864547
EXT02677	ryg048	F31	white	5	2.74799976239407	2.74689730126656	2.74744853183031	1.23922552684215
EXT02678	ryg048	F31	white	5	2.85847884828519	2.93907567034196	2.89877725931357	1.53219850024818
EXT02679	ryg048	F31	white	5	2.81138418390494	2.96174108071306	2.886562632309	1.58321156917544
EXT02680	ryg048	F31	white	5	2.78491101748731	2.77241039987299	2.77866070868015	1.3414284908561
EXT02681	ryg048	F31	white	5	2.78797949708386	2.87725636366502	2.83261793037444	1.3061825836906
EXT02682	ryg048	F31	white	5	2.75332792744476	2.86612584778112	2.80972688761294	1.4684510452547
EXT02683	ryg048	F31	white	5	2.81155160900712	2.80282543700567	2.8071885230064	1.60546321635487
EXT02684	ryg048	F31	white	6	2.8367089089405	2.80920623310477	2.82295757102263	1.46895801902591
EXT02685	ryg048	F31	white	6	2.88035396702839	2.84395401583437	2.86215399143138	1.04853537103276
EXT02686	ryg048	F31	white	6	1.51535374758476	1.72180051198881	1.61857712978679	1.41173116757253
EXT02687	ryg048	F31	white	6	2.75832963312527	2.75832963312527	2.75832963312527	1.22500636513419
EXT02688	ryg048	F31	white	6	2.77873177579104	2.78968628182239	2.78420902880672	0
EXT02689	ryg048	F31	white	6	2.6591400548701	2.39014129710306	2.52464067598658	0.870785354907774
EXT02690	ryg048	F31	white	6	2.79260737068073	2.64603367445317	2.71932052256695	1.68508182689236
EXT02691	ryg048	F31	white	6	2.20649975311017	2.2553083151616	2.23090403413589	1.62409415897696
EXT02692	ryg048	F31	white	6	2.81077571225411	2.84604640207165	2.82841105716288	1.65371727165682
EXT02693	ryg048	F31	white	6	2.82454419383246	2.84898779995762	2.83676599689504	1.58675719356386
EXT02694	ryg048	F31	white	6	2.85099914769823	2.84579380281331	2.84839647525577	1.41235391329497
EXT02695	ryg048	F31	white	6	2.70765084694116	2.61773436977824	2.6626926083597	1.74633767260296
EXT02696	ryg048	F31	white	6	2.5521599252119	2.55541002059198	2.55378497290194	1.68121834633687
EXT02697	ryg048	F31	white	6	2.68806908388168	2.64869668565099	2.66838288476633	1.27892885469102
EXT02698	ryg048	F31	white	6	1.05857126435377	2.24112611090291	1.64984868762834	1.60129563658981
EXT02699	ryg048	F31	white	6	2.43320955511155	2.28403932453466	2.3586244398231	1.14045606718402
EXT02700	ryg048	F31	white	6	2.75888954903459	2.84280882836381	2.8008491886992	1.14048547967347
EXT02701	ryg048	F31	white	6	0	2.27230538001047	1.13615269000524	0
EXT02702	ryg048	F31	white	6	2.58486614959897	2.54775480079008	2.56631047519452	1.53812515933752
EXT02703	ryg048	F31	white	6	2.18949352641248	2.26023745437658	2.22486549039453	1.15834290960287
EXT02704	ryg048	F31	white	6	2.45608149700328	2.52426617591009	2.49017383645668	1.60846421172181
EXT02705	ryg048	F31	white	6	2.71824718547135	2.69426046611466	2.70625382579301	0
EXT02706	ryg048	F31	white	6	2.74689766065275	2.72893667539188	2.73791716802232	0.940525588921878
EXT02707	ryg048	F31	white	6	2.60345962145283	2.30613980907259	2.45479971526271	1.76621676747439
EXT02708	ryg048	F31	white	6	0	2.81021134878925	1.40510567439463	0
EXT02709	ryg048	F31	white	6	0	1.37001601477608	0.68500800738804	1.37001601477608
EXT02710	ryg048	F31	white	6	2.86190423857523	2.77588126006749	2.81889274932136	1.32649448107648
EXT02711	ryg048	F31	white	6	2.74774378853365	2.52286304294372	2.63530341573869	1.6994110398331
EXT02712	ryg048	F31	white	6	2.7069124676094	2.49786070588835	2.60238658674887	0
EXT02713	ryg048	F31	white	6	2.85791669380737	2.71779618374137	2.78785643877437	1.13955012696936
EXT02714	ryg048	F31	white	6	2.21142594786066	2.17785369420794	2.1946398210343	1.59602173395089
EXT02715	ryg048	F31	white	6	2.52031072521836	2.32624549147869	2.42327810834852	1.40661432917391
EXT02716	ryg048	F31	white	6	0.96857515057282	1.29805506620365	1.13331510838823	0.96857515057282
EXT02717	ryg048	F31	white	6	2.62428438789464	2.5736055328718	2.59894496038322	0.912866327283219
EXT02718	ryg048	F31	white	6	2.7844865469189	2.67964445902868	2.73206550297379	0.777797938641946
EXT02719	ryg048	F31	white	6	2.74103751879815	2.63902991211009	2.69003371545412	1.6494423276428
EXT02720	ryg048	F31	white	6	2.74758623306653	1.94244715663007	2.3450166948483	0
EXT02721	ryg048	F31	white	6	2.27945256328308	2.52141014134594	2.40043135231451	1.62626983425841
EXT02722	ryg048	F31	white	6	2.75052384506879	2.74941409027961	2.7499689676742	0.891297412683668
EXT02723	ryg048	F31	white	6	1.06789768822366	2.50202725401506	1.78496247111936	1.40601584407939
EXT02724	ryg048	F31	white	6	2.72161875198929	2.60105315440929	2.66133595319929	1.72788548970803
EXT02725	ryg048	F31	white	6	2.74894856624292	2.80773178325796	2.77834017475044	1.61324900240899
EXT02726	ryg048	F31	white	6	2.84620852503008	2.74432062916673	2.79526457709841	1.11840541359368
EXT02727	ryg048	F31	white	6	2.63453229792451	2.3391204265622	2.48682636224335	1.52352383669663
EXT02728	ryg048	F31	white	6	1.52726694332038	2.00921152451954	1.76823923391996	1.52726694332038
EXT02729	ryg048	F31	white	6	2.56262770533037	2.27488849035767	2.41875809784402	1.41083443280835
EXT02730	ryg048	F31	white	6	2.76585419344261	2.76146100310578	2.76365759827419	1.48107703591361
EXT02731	ryg048	F31	white	6	0	1.72580338417998	0.86290169208999	1.4212245500551
EXT02732	ryg048	F31	white	6	2.7215945628798	2.6934556108672	2.7075250868735	1.48505988219874
EXT02733	ryg048	F31	white	6	2.66484896370391	2.50984059219282	2.58734477794837	1.48666920923486
EXT02734	ryg048	F31	white	6	2.6443406923896	2.26462392065152	2.45448230652056	1.32508082950961
EXT02735	ryg048	F31	white	6	2.71903489548837	2.72372216308097	2.72137852928467	1.35746318334272
EXT02736	ryg048	F31	white	6	2.88744018490689	2.9056384522242	2.89653931856554	0.959329797564001
EXT02737	ryg048	F31	white	6	1.37380983026758	2.55584644510744	1.96482813768751	1.5589569405397
EXT02738	ryg048	F31	white	6	2.76406128316111	2.79635410919293	2.78020769617702	1.30277404344677
EXT02739	ryg048	F31	white	6	2.7801419173814	2.80807589721626	2.79410890729883	1.32028953357299
EXT02740	ryg048	F31	white	6	0	1.4243786574096	0.712189328704798	1.73297706110956
EXT02741	ryg048	F31	white	6	2.78670832386171	2.71444047495409	2.7505743994079	1.29534018176951
EXT02742	ryg048	F31	white	6	2.81082260734839	2.65099282623982	2.7309077167941	1.60416252573147
EXT02743	ryg048	F31	white	6	2.68505610870785	2.49847280935371	2.59176445903078	0
EXT02744	ryg048	F31	white	6	2.80550082607842	2.82832469938906	2.81691276273374	1.64731357128821
EXT02745	ryg048	F31	white	6	2.84650138142776	2.76569315687048	2.80609726914912	1.47030691782197
EXT02746	ryg048	F31	white	6	1.7290237291833	2.09863837040503	1.91383104979416	1.40212019587661
EXT02747	ryg048	F31	white	6	0	2.3214875512218	1.1607437756109	1.42115411888668
EXT02748	ryg048	F31	white	6	2.83091407516954	2.79638106112545	2.8136475681475	0.924189269235451
EXT02749	ryg048	F31	white	6	0	1.3460564194667	0.673028209733352	0
EXT02750	ryg048	F31	white	6	2.87702405372798	2.80290067123288	2.83996236248043	1.38759036013913
EXT02751	white2_F62W	F62	white	10	3.33362338444951	3.01147079901803	3.17254709173377	0
EXT02752	white2_F62W	F62	white	10	2.81116605096746	3.29204417169286	3.05160511133016	1.89796479237905
EXT02753	white2_F62W	F62	white	10	3.29641328398509	3.22415640515577	3.26028484457043	2.89713922706178
EXT02754	white2_F62W	F62	white	10	2.6964072890402	2.61853696060099	2.65747212482059	1.12415308612906
EXT02755	white2_F62W	F62	white	10	3.16984457838706	2.83191422846566	3.00087940342636	0
EXT02756	white2_F62W	F62	white	10	2.85293151424679	1.78935229199264	2.32114190311971	0
EXT02757	white2_F62W	F62	white	10	2.73746634441332	2.80638839213832	2.77192736827582	0
EXT02758	white2_F62W	F62	white	10	2.33307886112718	2.33307886112718	2.33307886112718	0.716431974024476
EXT02759	white2_F62W	F62	white	10	3.05947941978908	3.10136283008601	3.08042112493755	1.6625825511925
EXT02760	white2_F62W	F62	white	10	2.57109098497691	2.57109098497691	2.57109098497691	0
EXT02761	white2_F62W	F62	white	10	2.45023162104317	2.86515174735153	2.65769168419735	1.23321525301358
EXT02762	white2_F62W	F62	white	10	3.35881328301363	0	1.67940664150682	0
EXT02763	white2_F62W	F62	white	10	3.10903211915926	3.05070606471286	3.07986909193606	0
EXT02764	white2_F62W	F62	white	10	2.47705655785365	2.47705655785365	2.47705655785365	0
EXT02765	white2_F62W	F62	white	10	3.02715130148135	3.16968364308095	3.09841747228115	0
EXT02766	white2_F62W	F62	white	10	3.13401496042169	3.19165614837542	3.16283555439856	0
EXT02767	white2_F62W	F62	white	10	2.10257825222225	1.96066406211678	2.03162115716952	1.76285067959973
EXT02768	white2_F62W	F62	white	10	2.93879311676844	3.02242011970909	2.98060661823876	0
EXT02769	white2_F62W	F62	white	10	3.50280925934648	3.37261876755468	3.43771401345058	0
EXT02770	white2_F62W	F62	white	10	2.83947866366366	2.9994871641363	2.91948291389998	0
EXT02771	white2_F62W	F62	white	10	1.34232796330059	1.6597727014412	1.5010503323709	1.00622386025345
EXT02772	white2_F62W	F62	white	10	3.20418052386209	3.2702699409042	3.23722523238314	0
EXT02773	white2_F62W	F62	white	10	2.2593125565191	2.09259790959869	2.1759552330589	1.7693593649536
EXT02774	white2_F62W	F62	white	10	3.11502660507612	2.99931055414439	3.05716857961026	0
EXT02775	white2_F62W	F62	white	10	2.72029111735536	2.3633672529355	2.54182918514543	0
EXT02776	white2_F62W	F62	white	10	0	0	0	0
EXT02777	white2_F62W	F62	white	10	2.45420138400891	2.41358463848223	2.43389301124557	1.07105592402586
EXT02778	white2_F62W	F62	white	10	3.43769195555674	3.06161309509897	3.24965252532786	0
EXT02779	white2_F62W	F62	white	10	2.96988217976025	3.02136100874024	2.99562159425024	1.19013248833805
EXT02780	white2_F62W	F62	white	10	0	0	0	0
EXT02781	white2_F62W	F62	white	10	2.69478762663113	2.40980199812327	2.5522948123772	1.17224918936683
EXT02782	white2_F62W	F62	white	10	2.31101512230681	2.76287185541906	2.53694348886293	0
EXT02783	white2_F62W	F62	white	10	0	3.29436869787755	1.64718434893878	0
EXT02784	white2_F62W	F62	white	10	2.63418557652383	1.93109803794464	2.28264180723423	1.34826032918606
EXT02785	white2_F62W	F62	white	10	2.59130351493719	2.6835564979422	2.6374300064397	1.6954946042837
EXT02786	white2_F62W	F62	white	10	2.87778453765793	2.97207071558091	2.92492762661942	0
EXT02787	white2_F62W	F62	white	11	2.24572827726166	2.31009787449384	2.27791307587775	0.957394124689275
EXT02788	white2_F62W	F62	white	11	2.85708004087753	2.83569640539752	2.84638822313752	0
EXT02789	white2_F62W	F62	white	11	3.09434606080195	3.13998290039124	3.1171644805966	0
EXT02790	white2_F62W	F62	white	11	3.00198089147373	3.13295585782395	3.06746837464884	0
EXT02791	white2_F62W	F62	white	11	2.16043137628494	1.96531767885506	2.06287452757	1.40656935284434
EXT02792	white2_F62W	F62	white	11	2.25403599179933	2.13791734939496	2.19597667059714	1.0953653086323
EXT02793	white2_F62W	F62	white	11	0	2.81350755162483	1.40675377581241	1.97543465279199
EXT02794	white2_F62W	F62	white	11	0	3.11897986719282	1.55948993359641	0
EXT02795	white2_F62W	F62	white	11	2.42706755945814	2.26506553901118	2.34606654923466	1.04857253874271
EXT02796	white2_F62W	F62	white	11	2.30681578571021	2.15404187828149	2.23042883199585	1.13473940389549
EXT02797	white2_F62W	F62	white	11	1.75083574185518	2.07675291690621	1.9137943293807	1.75083574185518
EXT02798	white2_F62W	F62	white	11	1.04160382228817	1.8023031886259	1.42195350545704	1.23470783877402
EXT02799	white2_F62W	F62	white	11	2.85397974410936	2.88043839125189	2.86720906768063	0
EXT02800	white2_F62W	F62	white	11	1.82979435600808	2.07028922159996	1.95004178880402	1.21637675727714
EXT02801	white2_F62W	F62	white	11	3.00270092963392	3.29379301335816	3.14824697149604	2.7739449214278
EXT02802	white2_F62W	F62	white	11	0	0	0	0
EXT02803	white2_F62W	F62	white	11	2.89961033616886	2.81473146404221	2.85717090010553	2.42650770816605
EXT02804	white2_F62W	F62	white	11	2.65370305521872	2.62217531742103	2.63793918631988	0.783816557357993
EXT02805	white2_F62W	F62	white	11	3.11815734617948	3.16290174927138	3.14052954772543	0
EXT02806	white2_F62W	F62	white	11	2.37331060367597	2.34332728272571	2.35831894320084	1.11126144411645
EXT02807	white2_F62W	F62	white	11	2.55063759719792	0	1.27531879859896	0
EXT02808	white2_F62W	F62	white	11	2.32848731669104	2.16448838468699	2.24648785068902	0.872176931730196
EXT02809	white2_F62W	F62	white	11	3.00778361183951	3.0464230659432	3.02710333889136	0
EXT02810	white2_F62W	F62	white	11	2.57413047009819	2.53153930612235	2.55283488811027	1.08630446836502
EXT02811	white2_F62W	F62	white	11	2.60652171584042	2.37527350301406	2.49089760942724	1.23390297318599
EXT02812	white2_F62W	F62	white	11	2.61592442713396	2.53873072991604	2.577327578525	0.708420065370204
EXT02813	white2_F62W	F62	white	11	3.22503492699234	3.05704484899339	3.14103988799286	2.62448775086608
EXT02814	white2_F62W	F62	white	11	0	3.02686895720399	1.51343447860199	0
EXT02815	white2_F62W	F62	white	11	0.744248451227446	0.744248451227446	0.744248451227446	1.06082707049836
EXT02816	white2_F62W	F62	white	11	0	2.76684526408976	1.38342263204488	2.36905110342499
EXT02817	white2_F62W	F62	white	14	1.12511707666536	1.72746229601682	1.42628968634109	0
EXT02818	white2_F62W	F62	white	14	1.99041106950167	2.3350104401489	2.16271075482528	1.03052087525092
EXT02819	white2_F62W	F62	white	14	1.88121685677879	2.30606836229699	2.09364260953789	0.787137525228526
EXT02820	white2_F62W	F62	white	14	2.2034233607763	2.34586696208551	2.2746451614309	0.876995959722969
EXT02821	white2_F62W	F62	white	14	2.47832012351308	2.47300373788416	2.47566193069862	0
EXT02822	white2_F62W	F62	white	14	2.18839964356418	2.89909177336038	2.54374570846228	2.18839964356418
EXT02823	white2_F62W	F62	white	14	0.954530652817626	1.66242284814754	1.30847675048258	0
EXT02824	white2_F62W	F62	white	14	2.67911477057505	2.81151005967103	2.74531241512304	1.1360098594344
EXT02825	white2_F62W	F62	white	14	2.25398067139856	2.47533586929754	2.36465827034805	1.45432139002892
EXT02826	white2_F62W	F62	white	14	1.81476122536256	2.23995872042842	2.02735997289549	1.04071086030345
EXT02827	white2_F62W	F62	white	14	2.07744881778795	2.27953558881654	2.17849220330225	1.21994787904327
EXT02828	white2_F62W	F62	white	14	1.89688890462905	2.2330848184838	2.06498686155643	1.3202873480712
EXT02829	white2_F62W	F62	white	14	2.28810394100501	2.37295177656441	2.33052785878471	1.34210088384727
EXT02830	white2_F62W	F62	white	14	2.03912891624945	2.32788043480064	2.18350467552505	1.37071564605664
EXT02831	white2_F62W	F62	white	14	1.07195249943784	1.07195249943784	1.07195249943784	1.07195249943784
EXT02832	white2_F62W	F62	white	14	1.79254861783061	2.32479062741221	2.05866962262141	0
EXT02833	white2_F62W	F62	white	14	2.02675317584454	2.46819317319609	2.24747317452031	0
EXT02834	white2_F62W	F62	white	14	2.52530311034368	2.7604104302664	2.64285677030504	1.3475059854602
EXT02835	white2_F62W	F62	white	14	2.25830464705903	2.27313133005934	2.26571798855918	0
EXT02836	white2_F62W	F62	white	14	3.49858815081668	3.55070534106103	3.52464674593886	0
EXT02837	white2_F62W	F62	white	14	2.57128531131142	2.57128531131142	2.57128531131142	1.36944062706866
EXT02838	white2_F62W	F62	white	14	2.10863269844638	1.93610704865129	2.02236987354883	1.78365848649281
EXT02839	white2_F62W	F62	white	14	2.15997101140773	1.96376029682017	2.06186565411395	1.89899697014047
EXT02840	white2_F62W	F62	white	14	1.97571826893593	1.85344024232863	1.91457925563228	1.34320468670089
EXT02841	white2_F62W	F62	white	14	1.78428522830941	2.07095515394228	1.92762019112585	0
EXT02842	white2_F62W	F62	white	14	2.08881095393226	2.32125981560173	2.205035384767	1.36523312746436
EXT02843	white2_F62W	F62	white	14	2.01147586499034	2.04949836737917	2.03048711618475	1.16219235006212
EXT02844	white2_F62W	F62	white	14	1.90488645457385	2.21639782229644	2.06064213843515	0.829660819587804
EXT02845	white2_F62W	F62	white	14	2.13817736350323	2.37853101578826	2.25835418964575	0
EXT02846	white2_F62W	F62	white	14	2.16174154595653	2.4544828809125	2.30811221343451	1.57270368118784
EXT02847	white2_F62W	F62	white	14	1.37350680850899	1.60291446297152	1.48821063574026	1.37350680850899
EXT02848	white2_F62W	F62	white	14	2.56174872837708	2.8231407150411	2.69244472170909	1.32633358631252
EXT02849	white2_F62W	F62	white	14	2.37976596101547	2.48686025226692	2.4333131066412	1.19750842128997
EXT02850	white2_F62W	F62	white	14	2.30092146035663	1.92225398326737	2.111587721812	0
EXT02851	white2_F62W	F62	white	14	1.97971649310282	2.13095107265498	2.0553337828789	1.60956991955909
EXT02852	white2_F62W	F62	white	14	2.61976713244492	2.64111630331852	2.63044171788172	1.55369705912425
EXT02853	white2_F62W	F62	white	14	2.41938631239845	2.40569531183341	2.41254081211593	1.79609778551785
EXT02854	white2_F62W	F62	white	14	2.270469266498	2.33284161229688	2.30165543939744	1.36774428201918
EXT02855	white2_F62W	F62	white	14	1.9989659777967	2.0450942697508	2.02203012377375	1.24660014743057
EXT02856	white2_F62W	F62	white	14	2.27618897443256	1.79987158983266	2.03803028213261	0
EXT02857	white2_F62W	F62	white	14	1.79773957853485	2.25427646670585	2.02600802262035	1.19098904683454
EXT02858	white2_F62W	F62	white	14	2.30136603681333	2.36636899897029	2.33386751789181	1.00382510017663
EXT02859	white2_F62W	F62	white	14	2.27241184931243	2.44317108239507	2.35779146585375	0
EXT02860	white2_F62W	F62	white	14	2.3003344354217	2.29209173187463	2.29621308364816	1.14153675294216
EXT02861	white2_F62W	F62	white	14	1.74691161029903	2.20955319943489	1.97823240486696	1.62666113903822
EXT02862	white2_F62W	F62	white	14	0	1.82854003086449	0.914270015432244	0
EXT02863	white2_F62W	F62	white	15	1.34719162206316	3.09441309996127	2.22080236101221	1.34719162206316
EXT02864	white2_F62W	F62	white	15	2.55820861385433	3.02455030430642	2.79137945908038	0.577315257322658
EXT02865	white2_F62W	F62	white	15	2.17788769998178	3.11162705770002	2.6447573788409	1.49421903806822
EXT02866	white2_F62W	F62	white	15	1.33429322466305	3.03188774021952	2.18309048244129	2.56613455077308
EXT02867	white2_F62W	F62	white	15	2.66486348484541	2.87515215722606	2.77000782103574	0.989120133514347
EXT02868	white2_F62W	F62	white	15	2.66899917605239	3.05189221148169	2.86044569376704	1.3418166778102
EXT02869	white2_F62W	F62	white	15	1.74117762596247	2.88960844454376	2.31539303525311	2.57033890887958
EXT02870	white2_F62W	F62	white	15	2.45716197808915	3.05973634576573	2.75844916192744	0.729807388345985
EXT02871	white2_F62W	F62	white	15	2.47620938269904	2.78345841173122	2.62983389721513	1.04668074564864
EXT02872	white2_F62W	F62	white	5	2.8150696619465	2.9291876723817	2.8721286671641	1.1907581841055
EXT02873	white2_F62W	F62	white	5	2.74790485468133	2.77530804371497	2.76160644919815	1.12529460710626
EXT02874	white2_F62W	F62	white	5	2.78448561142226	2.82682156217339	2.80565358679782	0
EXT02875	white2_F62W	F62	white	5	2.76294457498208	2.73072047494393	2.746832524963	1.03274940297315
EXT02876	white2_F62W	F62	white	5	2.65592275679876	2.77774640006926	2.71683457843401	1.23088489695154
EXT02877	white2_F62W	F62	white	5	2.55190870674079	2.73327909925318	2.64259390299699	1.1996793465145
EXT02878	white2_F62W	F62	white	5	2.82684399396914	2.89684374893202	2.86184387145058	0
EXT02879	white2_F62W	F62	white	5	2.76178824208117	2.85118672897246	2.80648748552682	1.17942477331554
EXT02880	white2_F62W	F62	white	5	2.78253814025853	2.83990145067539	2.81121979546696	0
EXT02881	white2_F62W	F62	white	5	2.69639174463067	2.75317615755697	2.72478395109382	0.841419826347393
EXT02882	white2_F62W	F62	white	5	2.74364070453926	2.82719218088305	2.78541644271116	1.16087912675566
EXT02883	white2_F62W	F62	white	5	2.72543004735355	2.85069998912286	2.7880650182382	0.99694834986385
EXT02884	white2_F62W	F62	white	5	2.77899178681205	2.87037072330901	2.82468125506053	1.3857854915009
EXT02885	white2_F62W	F62	white	5	2.68042764827705	2.95006656158141	2.81524710492923	1.41510661679962
EXT02886	white2_F62W	F62	white	5	2.75503632698052	2.82567840361007	2.7903573652953	0
EXT02887	white2_F62W	F62	white	5	2.73899311260956	2.73783428883511	2.73841370072234	0.697627740611331
EXT02888	white2_F62W	F62	white	5	2.75497810605305	2.73074354056427	2.74286082330866	1.12299940336728
EXT02889	white2_F62W	F62	white	5	2.73433798084435	2.90804572678402	2.82119185381418	1.33697656010177
EXT02890	white2_F62W	F62	white	5	2.74001647833775	2.79060969562921	2.76531308698348	0.851705873923856
EXT02891	white2_F62W	F62	white	5	2.80083031849859	2.8111223094745	2.80597631398655	1.11526332010488
EXT02892	white2_F62W	F62	white	5	2.69468231461931	2.66377821767336	2.67923026614633	1.35089047786685
EXT02893	white2_F62W	F62	white	6	0	2.04750567225603	1.02375283612802	0
EXT02894	white2_F62W	F62	white	6	2.52171832948944	2.46501062768891	2.49336447858918	1.23813968181043
EXT02895	white2_F62W	F62	white	6	2.6972229702111	2.62775774197226	2.66249035609168	1.42566658525679
EXT02896	white2_F62W	F62	white	6	2.66089681244697	2.58535970749285	2.62312825996991	1.23664742256401
EXT02897	white2_F62W	F62	white	6	2.5079448301998	2.45943509518807	2.48368996269393	0.826714030804661
EXT02898	white2_F62W	F62	white	6	2.65832119856814	2.62775253733967	2.6430368679539	1.31891231993979
EXT02899	white2_F62W	F62	white	6	2.66631718707186	2.71982752257993	2.69307235482589	1.7213517875818
EXT02900	white2_F62W	F62	white	6	1.16542872477788	2.14236598611311	1.65389735544549	1.16542872477788
EXT02901	white2_F62W	F62	white	6	2.55611203192713	2.55611203192713	2.55611203192713	0
EXT02902	white2_F62W	F62	white	6	0	1.76047418957481	0.880237094787404	1.46705064637834
EXT02903	white2_F62W	F62	white	6	2.64325512288985	2.59852744566317	2.62089128427651	1.56234253139625
EXT02904	white2_F62W	F62	white	6	1.85990496494361	2.08379076104182	1.97184786299271	0
EXT02905	white2_F62W	F62	white	6	2.30972114926017	2.17183470562624	2.2407779274432	1.0861626476612
EXT02906	white2_F62W	F62	white	6	0.83116001744543	0.83116001744543	0.83116001744543	1.15624446986833
EXT02907	white2_F62W	F62	white	6	2.65255726169881	2.64432762740322	2.64844244455102	1.15012220406669
EXT02908	white2_F62W	F62	white	6	2.22095415242939	2.21058653411881	2.2157703432741	1.15551145807441
EXT02909	white2_F62W	F62	white	6	0.886050820871905	1.88163204138453	1.38384143112822	1.41202422799314
EXT02910	white2_F62W	F62	white	6	2.65699533893425	2.55919640419214	2.6080958715632	1.41659188105949
EXT02911	white2_F62W	F62	white	6	2.4928282940947	2.33650042915987	2.41466436162728	1.56619963693852
EXT02912	white2_F62W	F62	white	6	2.53325250483598	2.44497172386692	2.48911211435145	1.37945438393066
EXT02913	white2_F62W	F62	white	6	1.0401019852531	2.0492263001809	1.544664142717	1.36061760106884
EXT02914	white2_F62W	F62	white	6	0	2.21560500137167	1.10780250068583	0
EXT02915	white2_F62W	F62	white	6	2.63595792400217	2.64504677021666	2.64050234710942	1.03568019282695
EXT02916	white2_F62W	F62	white	6	0	1.89118187158796	0.945590935793978	1.60729026530615
EXT02917	white2_F62W	F62	white	6	2.6003600867664	2.59275687583908	2.59655848130274	0.71574129029252
EXT02918	white2_F62W	F62	white	6	2.47254623731941	2.46022170844999	2.4663839728847	0.745658992179658
EXT02919	white2_F62W	F62	white	6	2.47675077249617	2.37510891367456	2.42592984308537	0
EXT02920	white2_F62W	F62	white	6	2.52881164667528	2.51697577678303	2.52289371172916	0
EXT02921	white2_F62W	F62	white	6	2.67415216820059	2.5935507083973	2.63385143829895	1.042031180278
EXT02922	white2_F62W	F62	white	6	2.59767527749246	2.18190762965583	2.38979145357414	0.925758351896292
EXT02923	white2_F62W	F62	white	6	2.68007245948578	2.71800956712977	2.69904101330777	1.22881990798316
EXT02924	white2_F62W	F62	white	6	0	1.58028562340803	0.790142811704014	1.50042662514638
EXT02925	white2_F62W	F62	white	6	0.918270952821008	1.6944262714123	1.30634861211665	0.918270952821008
EXT02926	white2_F62W	F62	white	6	2.80531097310896	2.79804832725186	2.80167965018041	0
EXT02927	white2_F62W	F62	white	6	2.64221291909976	2.56034183487201	2.60127737698589	0.803265171541587
EXT02928	white2_F62W	F62	white	6	2.6154571675153	2.53006021942312	2.57275869346921	1.33137582868939
EXT02929	white2_F62W	F62	white	6	2.58284371152335	2.63730552452983	2.61007461802659	0
EXT02930	white2_F62W	F62	white	6	1.14452844420651	2.01229329838293	1.57841087129472	0.815635927817744
EXT02931	white2_F62W	F62	white	6	1.12437579132529	2.05882740261349	1.59160159696939	0.807077073827696
EXT02932	white2_F62W	F62	white	6	1.26215106429095	2.20045735805385	1.7313042111724	0.742324126961276
